,protein_path,ligand,PDB_fn,PDB,PDB_chain,LIG,PDB_chain_LIG,ro_label,lo_label
0,docking_poses/receptor/CDK2_fastH_pdbqt/7S7A_A_01.pdbqt,OC(=O)c1cc(ccc1NCCc2[nH]nc3ccccc23)C(F)(F)F,7S7A_A_01,7S7A,7S7A_A,8FI,7S7A_A_8FI,1,1
1,docking_poses/receptor/CDK2_fastH_pdbqt/8FOW_A_01.pdbqt,OC(=O)c1cc(ccc1NCCc2[nH]nc3ccccc23)C(F)(F)F,8FOW_A_01,8FOW,8FOW_A,8FI,8FOW_A_8FI,1,1
2,docking_poses/receptor/CDK2_fastH_pdbqt/7S9X_A_01.pdbqt,OC(=O)c1cc(ccc1NCCc2[nH]nc3ccccc23)C(F)(F)F,7S9X_A_01,7S9X,7S9X_A,8FI,7S9X_A_8FI,1,1
3,docking_poses/receptor/CDK2_fastH_pdbqt/7RXO_A_01.pdbqt,OC(=O)c1cc(ccc1NCCc2[nH]nc3ccccc23)C(F)(F)F,7RXO_A_01,7RXO,7RXO_A,8FI,7RXO_A_8FI,1,1
4,docking_poses/receptor/CDK2_fastH_pdbqt/7S84_A_01.pdbqt,OC(=O)c1cc(ccc1NCCc2[nH]nc3ccccc23)C(F)(F)F,7S84_A_01,7S84,7S84_A,8FI,7S84_A_8FI,1,1
5,docking_poses/receptor/CDK2_fastH_pdbqt/7S85_A_01.pdbqt,OC(=O)c1cc(ccc1NCCc2[nH]nc3ccccc23)C(F)(F)F,7S85_A_01,7S85,7S85_A,8FI,7S85_A_8FI,1,1
6,docking_poses/receptor/CDK2_fastH_pdbqt/7S4T_A_01.pdbqt,OC(=O)c1cc(ccc1NCCc2[nH]nc3ccccc23)C(F)(F)F,7S4T_A_01,7S4T,7S4T_A,8FI,7S4T_A_8FI,1,1
7,docking_poses/receptor/CDK2_fastH_pdbqt/8FP0_A_01.pdbqt,OC(=O)c1cc(ccc1NCCc2[nH]nc3ccccc23)C(F)(F)F,8FP0_A_01,8FP0,8FP0_A,8FI,8FP0_A_8FI,1,1
8,docking_poses/receptor/CDK2_fastH_pdbqt/7RWF_A.pdbqt,OC(=O)c1cc(ccc1NCCc2[nH]nc3ccccc23)C(F)(F)F,7RWF_A,7RWF,7RWF_A,8FI,7RWF_A_8FI,1,1
9,docking_poses/receptor/CDK2_fastH_pdbqt/3PXF_A.pdbqt,OC(=O)c1cc(ccc1NCCc2[nH]nc3ccccc23)C(F)(F)F,3PXF_A,3PXF,3PXF_A,8FI,3PXF_A_8FI,3,1
10,docking_poses/receptor/CDK2_fastH_pdbqt/3PXQ_A_01.pdbqt,OC(=O)c1cc(ccc1NCCc2[nH]nc3ccccc23)C(F)(F)F,3PXQ_A_01,3PXQ,3PXQ_A,8FI,3PXQ_A_8FI,3,1
11,docking_poses/receptor/CDK2_fastH_pdbqt/4EZ7_A.pdbqt,OC(=O)c1cc(ccc1NCCc2[nH]nc3ccccc23)C(F)(F)F,4EZ7_A,4EZ7,4EZ7_A,8FI,4EZ7_A_8FI,3,1
12,docking_poses/receptor/CDK2_fastH_pdbqt/1JST_A.pdbqt,OC(=O)c1cc(ccc1NCCc2[nH]nc3ccccc23)C(F)(F)F,1JST_A,1JST,1JST_A,8FI,1JST_A_8FI,2,1
13,docking_poses/receptor/CDK2_fastH_pdbqt/7ACK_C_01.pdbqt,OC(=O)c1cc(ccc1NCCc2[nH]nc3ccccc23)C(F)(F)F,7ACK_C_01,7ACK,7ACK_C,8FI,7ACK_C_8FI,2,1
14,docking_poses/receptor/CDK2_fastH_pdbqt/3BHT_A_01.pdbqt,OC(=O)c1cc(ccc1NCCc2[nH]nc3ccccc23)C(F)(F)F,3BHT_A_01,3BHT,3BHT_A,8FI,3BHT_A_8FI,2,1
15,docking_poses/receptor/CDK2_fastH_pdbqt/2C5V_C_01.pdbqt,OC(=O)c1cc(ccc1NCCc2[nH]nc3ccccc23)C(F)(F)F,2C5V_C_01,2C5V,2C5V_C,8FI,2C5V_C_8FI,2,1
16,docking_poses/receptor/CDK2_fastH_pdbqt/4BCM_C_01.pdbqt,OC(=O)c1cc(ccc1NCCc2[nH]nc3ccccc23)C(F)(F)F,4BCM_C_01,4BCM,4BCM_C,8FI,4BCM_C_8FI,2,1
17,docking_poses/receptor/CDK2_fastH_pdbqt/7KJS_A_01.pdbqt,OC(=O)c1cc(ccc1NCCc2[nH]nc3ccccc23)C(F)(F)F,7KJS_A_01,7KJS,7KJS_A,8FI,7KJS_A_8FI,2,1
18,docking_poses/receptor/CDK2_fastH_pdbqt/3BHU_A_01.pdbqt,OC(=O)c1cc(ccc1NCCc2[nH]nc3ccccc23)C(F)(F)F,3BHU_A_01,3BHU,3BHU_A,8FI,3BHU_A_8FI,2,1
19,docking_poses/receptor/CDK2_fastH_pdbqt/4CFW_C_01.pdbqt,OC(=O)c1cc(ccc1NCCc2[nH]nc3ccccc23)C(F)(F)F,4CFW_C_01,4CFW,4CFW_C,8FI,4CFW_C_8FI,2,1
20,docking_poses/receptor/CDK2_fastH_pdbqt/1B38_A_01.pdbqt,OC(=O)c1cc(ccc1NCCc2[nH]nc3ccccc23)C(F)(F)F,1B38_A_01,1B38,1B38_A,8FI,1B38_A_8FI,1,1
21,docking_poses/receptor/CDK2_fastH_pdbqt/4FKG_A_01.pdbqt,OC(=O)c1cc(ccc1NCCc2[nH]nc3ccccc23)C(F)(F)F,4FKG_A_01,4FKG,4FKG_A,8FI,4FKG_A_8FI,1,1
22,docking_poses/receptor/CDK2_fastH_pdbqt/2R3R_A_01.pdbqt,OC(=O)c1cc(ccc1NCCc2[nH]nc3ccccc23)C(F)(F)F,2R3R_A_01,2R3R,2R3R_A,8FI,2R3R_A_8FI,1,1
23,docking_poses/receptor/CDK2_fastH_pdbqt/1GIH_A_01.pdbqt,OC(=O)c1cc(ccc1NCCc2[nH]nc3ccccc23)C(F)(F)F,1GIH_A_01,1GIH,1GIH_A,8FI,1GIH_A_8FI,1,1
24,docking_poses/receptor/CDK2_fastH_pdbqt/2BHE_A_01.pdbqt,OC(=O)c1cc(ccc1NCCc2[nH]nc3ccccc23)C(F)(F)F,2BHE_A_01,2BHE,2BHE_A,8FI,2BHE_A_8FI,1,1
25,docking_poses/receptor/CDK2_fastH_pdbqt/4FKI_A_01.pdbqt,OC(=O)c1cc(ccc1NCCc2[nH]nc3ccccc23)C(F)(F)F,4FKI_A_01,4FKI,4FKI_A,8FI,4FKI_A_8FI,1,1
26,docking_poses/receptor/CDK2_fastH_pdbqt/1GIJ_A_01.pdbqt,OC(=O)c1cc(ccc1NCCc2[nH]nc3ccccc23)C(F)(F)F,1GIJ_A_01,1GIJ,1GIJ_A,8FI,1GIJ_A_8FI,1,1
27,docking_poses/receptor/CDK2_fastH_pdbqt/2VTR_A_01.pdbqt,OC(=O)c1cc(ccc1NCCc2[nH]nc3ccccc23)C(F)(F)F,2VTR_A_01,2VTR,2VTR_A,8FI,2VTR_A_8FI,1,1
28,docking_poses/receptor/CDK2_fastH_pdbqt/7S7A_A_01.pdbqt,OC(=O)c1cc(ccc1NCCc2c[nH]c3ccccc23)[N+]([O-])=O,7S7A_A_01,7S7A,7S7A_A,7TW,7S7A_A_7TW,1,1
29,docking_poses/receptor/CDK2_fastH_pdbqt/8FOW_A_01.pdbqt,OC(=O)c1cc(ccc1NCCc2c[nH]c3ccccc23)[N+]([O-])=O,8FOW_A_01,8FOW,8FOW_A,7TW,8FOW_A_7TW,1,1
30,docking_poses/receptor/CDK2_fastH_pdbqt/7S9X_A_01.pdbqt,OC(=O)c1cc(ccc1NCCc2c[nH]c3ccccc23)[N+]([O-])=O,7S9X_A_01,7S9X,7S9X_A,7TW,7S9X_A_7TW,1,1
31,docking_poses/receptor/CDK2_fastH_pdbqt/7RXO_A_01.pdbqt,OC(=O)c1cc(ccc1NCCc2c[nH]c3ccccc23)[N+]([O-])=O,7RXO_A_01,7RXO,7RXO_A,7TW,7RXO_A_7TW,1,1
32,docking_poses/receptor/CDK2_fastH_pdbqt/7S84_A_01.pdbqt,OC(=O)c1cc(ccc1NCCc2c[nH]c3ccccc23)[N+]([O-])=O,7S84_A_01,7S84,7S84_A,7TW,7S84_A_7TW,1,1
33,docking_poses/receptor/CDK2_fastH_pdbqt/7S85_A_01.pdbqt,OC(=O)c1cc(ccc1NCCc2c[nH]c3ccccc23)[N+]([O-])=O,7S85_A_01,7S85,7S85_A,7TW,7S85_A_7TW,1,1
34,docking_poses/receptor/CDK2_fastH_pdbqt/7S4T_A_01.pdbqt,OC(=O)c1cc(ccc1NCCc2c[nH]c3ccccc23)[N+]([O-])=O,7S4T_A_01,7S4T,7S4T_A,7TW,7S4T_A_7TW,1,1
35,docking_poses/receptor/CDK2_fastH_pdbqt/8FP0_A_01.pdbqt,OC(=O)c1cc(ccc1NCCc2c[nH]c3ccccc23)[N+]([O-])=O,8FP0_A_01,8FP0,8FP0_A,7TW,8FP0_A_7TW,1,1
36,docking_poses/receptor/CDK2_fastH_pdbqt/7RWF_A.pdbqt,OC(=O)c1cc(ccc1NCCc2c[nH]c3ccccc23)[N+]([O-])=O,7RWF_A,7RWF,7RWF_A,7TW,7RWF_A_7TW,1,1
37,docking_poses/receptor/CDK2_fastH_pdbqt/3PXF_A.pdbqt,OC(=O)c1cc(ccc1NCCc2c[nH]c3ccccc23)[N+]([O-])=O,3PXF_A,3PXF,3PXF_A,7TW,3PXF_A_7TW,3,1
38,docking_poses/receptor/CDK2_fastH_pdbqt/3PXQ_A_01.pdbqt,OC(=O)c1cc(ccc1NCCc2c[nH]c3ccccc23)[N+]([O-])=O,3PXQ_A_01,3PXQ,3PXQ_A,7TW,3PXQ_A_7TW,3,1
39,docking_poses/receptor/CDK2_fastH_pdbqt/4EZ7_A.pdbqt,OC(=O)c1cc(ccc1NCCc2c[nH]c3ccccc23)[N+]([O-])=O,4EZ7_A,4EZ7,4EZ7_A,7TW,4EZ7_A_7TW,3,1
40,docking_poses/receptor/CDK2_fastH_pdbqt/1JST_A.pdbqt,OC(=O)c1cc(ccc1NCCc2c[nH]c3ccccc23)[N+]([O-])=O,1JST_A,1JST,1JST_A,7TW,1JST_A_7TW,2,1
41,docking_poses/receptor/CDK2_fastH_pdbqt/7ACK_C_01.pdbqt,OC(=O)c1cc(ccc1NCCc2c[nH]c3ccccc23)[N+]([O-])=O,7ACK_C_01,7ACK,7ACK_C,7TW,7ACK_C_7TW,2,1
42,docking_poses/receptor/CDK2_fastH_pdbqt/3BHT_A_01.pdbqt,OC(=O)c1cc(ccc1NCCc2c[nH]c3ccccc23)[N+]([O-])=O,3BHT_A_01,3BHT,3BHT_A,7TW,3BHT_A_7TW,2,1
43,docking_poses/receptor/CDK2_fastH_pdbqt/2C5V_C_01.pdbqt,OC(=O)c1cc(ccc1NCCc2c[nH]c3ccccc23)[N+]([O-])=O,2C5V_C_01,2C5V,2C5V_C,7TW,2C5V_C_7TW,2,1
44,docking_poses/receptor/CDK2_fastH_pdbqt/4BCM_C_01.pdbqt,OC(=O)c1cc(ccc1NCCc2c[nH]c3ccccc23)[N+]([O-])=O,4BCM_C_01,4BCM,4BCM_C,7TW,4BCM_C_7TW,2,1
45,docking_poses/receptor/CDK2_fastH_pdbqt/7KJS_A_01.pdbqt,OC(=O)c1cc(ccc1NCCc2c[nH]c3ccccc23)[N+]([O-])=O,7KJS_A_01,7KJS,7KJS_A,7TW,7KJS_A_7TW,2,1
46,docking_poses/receptor/CDK2_fastH_pdbqt/3BHU_A_01.pdbqt,OC(=O)c1cc(ccc1NCCc2c[nH]c3ccccc23)[N+]([O-])=O,3BHU_A_01,3BHU,3BHU_A,7TW,3BHU_A_7TW,2,1
47,docking_poses/receptor/CDK2_fastH_pdbqt/4CFW_C_01.pdbqt,OC(=O)c1cc(ccc1NCCc2c[nH]c3ccccc23)[N+]([O-])=O,4CFW_C_01,4CFW,4CFW_C,7TW,4CFW_C_7TW,2,1
48,docking_poses/receptor/CDK2_fastH_pdbqt/1B38_A_01.pdbqt,OC(=O)c1cc(ccc1NCCc2c[nH]c3ccccc23)[N+]([O-])=O,1B38_A_01,1B38,1B38_A,7TW,1B38_A_7TW,1,1
49,docking_poses/receptor/CDK2_fastH_pdbqt/4FKG_A_01.pdbqt,OC(=O)c1cc(ccc1NCCc2c[nH]c3ccccc23)[N+]([O-])=O,4FKG_A_01,4FKG,4FKG_A,7TW,4FKG_A_7TW,1,1
50,docking_poses/receptor/CDK2_fastH_pdbqt/2R3R_A_01.pdbqt,OC(=O)c1cc(ccc1NCCc2c[nH]c3ccccc23)[N+]([O-])=O,2R3R_A_01,2R3R,2R3R_A,7TW,2R3R_A_7TW,1,1
51,docking_poses/receptor/CDK2_fastH_pdbqt/1GIH_A_01.pdbqt,OC(=O)c1cc(ccc1NCCc2c[nH]c3ccccc23)[N+]([O-])=O,1GIH_A_01,1GIH,1GIH_A,7TW,1GIH_A_7TW,1,1
52,docking_poses/receptor/CDK2_fastH_pdbqt/2BHE_A_01.pdbqt,OC(=O)c1cc(ccc1NCCc2c[nH]c3ccccc23)[N+]([O-])=O,2BHE_A_01,2BHE,2BHE_A,7TW,2BHE_A_7TW,1,1
53,docking_poses/receptor/CDK2_fastH_pdbqt/4FKI_A_01.pdbqt,OC(=O)c1cc(ccc1NCCc2c[nH]c3ccccc23)[N+]([O-])=O,4FKI_A_01,4FKI,4FKI_A,7TW,4FKI_A_7TW,1,1
54,docking_poses/receptor/CDK2_fastH_pdbqt/1GIJ_A_01.pdbqt,OC(=O)c1cc(ccc1NCCc2c[nH]c3ccccc23)[N+]([O-])=O,1GIJ_A_01,1GIJ,1GIJ_A,7TW,1GIJ_A_7TW,1,1
55,docking_poses/receptor/CDK2_fastH_pdbqt/2VTR_A_01.pdbqt,OC(=O)c1cc(ccc1NCCc2c[nH]c3ccccc23)[N+]([O-])=O,2VTR_A_01,2VTR,2VTR_A,7TW,2VTR_A_7TW,1,1
56,docking_poses/receptor/CDK2_fastH_pdbqt/7S7A_A_01.pdbqt,OC(=O)c1cc(ccc1Nc2ccc3[nH]c4ccccc4c3c2)C(F)(F)F,7S7A_A_01,7S7A,7S7A_A,8KF,7S7A_A_8KF,1,1
57,docking_poses/receptor/CDK2_fastH_pdbqt/8FOW_A_01.pdbqt,OC(=O)c1cc(ccc1Nc2ccc3[nH]c4ccccc4c3c2)C(F)(F)F,8FOW_A_01,8FOW,8FOW_A,8KF,8FOW_A_8KF,1,1
58,docking_poses/receptor/CDK2_fastH_pdbqt/7S9X_A_01.pdbqt,OC(=O)c1cc(ccc1Nc2ccc3[nH]c4ccccc4c3c2)C(F)(F)F,7S9X_A_01,7S9X,7S9X_A,8KF,7S9X_A_8KF,1,1
59,docking_poses/receptor/CDK2_fastH_pdbqt/7RXO_A_01.pdbqt,OC(=O)c1cc(ccc1Nc2ccc3[nH]c4ccccc4c3c2)C(F)(F)F,7RXO_A_01,7RXO,7RXO_A,8KF,7RXO_A_8KF,1,1
60,docking_poses/receptor/CDK2_fastH_pdbqt/7S84_A_01.pdbqt,OC(=O)c1cc(ccc1Nc2ccc3[nH]c4ccccc4c3c2)C(F)(F)F,7S84_A_01,7S84,7S84_A,8KF,7S84_A_8KF,1,1
61,docking_poses/receptor/CDK2_fastH_pdbqt/7S85_A_01.pdbqt,OC(=O)c1cc(ccc1Nc2ccc3[nH]c4ccccc4c3c2)C(F)(F)F,7S85_A_01,7S85,7S85_A,8KF,7S85_A_8KF,1,1
62,docking_poses/receptor/CDK2_fastH_pdbqt/7S4T_A_01.pdbqt,OC(=O)c1cc(ccc1Nc2ccc3[nH]c4ccccc4c3c2)C(F)(F)F,7S4T_A_01,7S4T,7S4T_A,8KF,7S4T_A_8KF,1,1
63,docking_poses/receptor/CDK2_fastH_pdbqt/8FP0_A_01.pdbqt,OC(=O)c1cc(ccc1Nc2ccc3[nH]c4ccccc4c3c2)C(F)(F)F,8FP0_A_01,8FP0,8FP0_A,8KF,8FP0_A_8KF,1,1
64,docking_poses/receptor/CDK2_fastH_pdbqt/7RWF_A.pdbqt,OC(=O)c1cc(ccc1Nc2ccc3[nH]c4ccccc4c3c2)C(F)(F)F,7RWF_A,7RWF,7RWF_A,8KF,7RWF_A_8KF,1,1
65,docking_poses/receptor/CDK2_fastH_pdbqt/3PXF_A.pdbqt,OC(=O)c1cc(ccc1Nc2ccc3[nH]c4ccccc4c3c2)C(F)(F)F,3PXF_A,3PXF,3PXF_A,8KF,3PXF_A_8KF,3,1
66,docking_poses/receptor/CDK2_fastH_pdbqt/3PXQ_A_01.pdbqt,OC(=O)c1cc(ccc1Nc2ccc3[nH]c4ccccc4c3c2)C(F)(F)F,3PXQ_A_01,3PXQ,3PXQ_A,8KF,3PXQ_A_8KF,3,1
67,docking_poses/receptor/CDK2_fastH_pdbqt/4EZ7_A.pdbqt,OC(=O)c1cc(ccc1Nc2ccc3[nH]c4ccccc4c3c2)C(F)(F)F,4EZ7_A,4EZ7,4EZ7_A,8KF,4EZ7_A_8KF,3,1
68,docking_poses/receptor/CDK2_fastH_pdbqt/1JST_A.pdbqt,OC(=O)c1cc(ccc1Nc2ccc3[nH]c4ccccc4c3c2)C(F)(F)F,1JST_A,1JST,1JST_A,8KF,1JST_A_8KF,2,1
69,docking_poses/receptor/CDK2_fastH_pdbqt/7ACK_C_01.pdbqt,OC(=O)c1cc(ccc1Nc2ccc3[nH]c4ccccc4c3c2)C(F)(F)F,7ACK_C_01,7ACK,7ACK_C,8KF,7ACK_C_8KF,2,1
70,docking_poses/receptor/CDK2_fastH_pdbqt/3BHT_A_01.pdbqt,OC(=O)c1cc(ccc1Nc2ccc3[nH]c4ccccc4c3c2)C(F)(F)F,3BHT_A_01,3BHT,3BHT_A,8KF,3BHT_A_8KF,2,1
71,docking_poses/receptor/CDK2_fastH_pdbqt/2C5V_C_01.pdbqt,OC(=O)c1cc(ccc1Nc2ccc3[nH]c4ccccc4c3c2)C(F)(F)F,2C5V_C_01,2C5V,2C5V_C,8KF,2C5V_C_8KF,2,1
72,docking_poses/receptor/CDK2_fastH_pdbqt/4BCM_C_01.pdbqt,OC(=O)c1cc(ccc1Nc2ccc3[nH]c4ccccc4c3c2)C(F)(F)F,4BCM_C_01,4BCM,4BCM_C,8KF,4BCM_C_8KF,2,1
73,docking_poses/receptor/CDK2_fastH_pdbqt/7KJS_A_01.pdbqt,OC(=O)c1cc(ccc1Nc2ccc3[nH]c4ccccc4c3c2)C(F)(F)F,7KJS_A_01,7KJS,7KJS_A,8KF,7KJS_A_8KF,2,1
74,docking_poses/receptor/CDK2_fastH_pdbqt/3BHU_A_01.pdbqt,OC(=O)c1cc(ccc1Nc2ccc3[nH]c4ccccc4c3c2)C(F)(F)F,3BHU_A_01,3BHU,3BHU_A,8KF,3BHU_A_8KF,2,1
75,docking_poses/receptor/CDK2_fastH_pdbqt/4CFW_C_01.pdbqt,OC(=O)c1cc(ccc1Nc2ccc3[nH]c4ccccc4c3c2)C(F)(F)F,4CFW_C_01,4CFW,4CFW_C,8KF,4CFW_C_8KF,2,1
76,docking_poses/receptor/CDK2_fastH_pdbqt/1B38_A_01.pdbqt,OC(=O)c1cc(ccc1Nc2ccc3[nH]c4ccccc4c3c2)C(F)(F)F,1B38_A_01,1B38,1B38_A,8KF,1B38_A_8KF,1,1
77,docking_poses/receptor/CDK2_fastH_pdbqt/4FKG_A_01.pdbqt,OC(=O)c1cc(ccc1Nc2ccc3[nH]c4ccccc4c3c2)C(F)(F)F,4FKG_A_01,4FKG,4FKG_A,8KF,4FKG_A_8KF,1,1
78,docking_poses/receptor/CDK2_fastH_pdbqt/2R3R_A_01.pdbqt,OC(=O)c1cc(ccc1Nc2ccc3[nH]c4ccccc4c3c2)C(F)(F)F,2R3R_A_01,2R3R,2R3R_A,8KF,2R3R_A_8KF,1,1
79,docking_poses/receptor/CDK2_fastH_pdbqt/1GIH_A_01.pdbqt,OC(=O)c1cc(ccc1Nc2ccc3[nH]c4ccccc4c3c2)C(F)(F)F,1GIH_A_01,1GIH,1GIH_A,8KF,1GIH_A_8KF,1,1
80,docking_poses/receptor/CDK2_fastH_pdbqt/2BHE_A_01.pdbqt,OC(=O)c1cc(ccc1Nc2ccc3[nH]c4ccccc4c3c2)C(F)(F)F,2BHE_A_01,2BHE,2BHE_A,8KF,2BHE_A_8KF,1,1
81,docking_poses/receptor/CDK2_fastH_pdbqt/4FKI_A_01.pdbqt,OC(=O)c1cc(ccc1Nc2ccc3[nH]c4ccccc4c3c2)C(F)(F)F,4FKI_A_01,4FKI,4FKI_A,8KF,4FKI_A_8KF,1,1
82,docking_poses/receptor/CDK2_fastH_pdbqt/1GIJ_A_01.pdbqt,OC(=O)c1cc(ccc1Nc2ccc3[nH]c4ccccc4c3c2)C(F)(F)F,1GIJ_A_01,1GIJ,1GIJ_A,8KF,1GIJ_A_8KF,1,1
83,docking_poses/receptor/CDK2_fastH_pdbqt/2VTR_A_01.pdbqt,OC(=O)c1cc(ccc1Nc2ccc3[nH]c4ccccc4c3c2)C(F)(F)F,2VTR_A_01,2VTR,2VTR_A,8KF,2VTR_A_8KF,1,1
84,docking_poses/receptor/CDK2_fastH_pdbqt/7S7A_A_01.pdbqt,COC(=O)c1ccc(NCCc2c[nH]c3ccccc23)c(c1)C(O)=O,7S7A_A_01,7S7A,7S7A_A,80E,7S7A_A_80E,1,1
85,docking_poses/receptor/CDK2_fastH_pdbqt/8FOW_A_01.pdbqt,COC(=O)c1ccc(NCCc2c[nH]c3ccccc23)c(c1)C(O)=O,8FOW_A_01,8FOW,8FOW_A,80E,8FOW_A_80E,1,1
86,docking_poses/receptor/CDK2_fastH_pdbqt/7S9X_A_01.pdbqt,COC(=O)c1ccc(NCCc2c[nH]c3ccccc23)c(c1)C(O)=O,7S9X_A_01,7S9X,7S9X_A,80E,7S9X_A_80E,1,1
87,docking_poses/receptor/CDK2_fastH_pdbqt/7RXO_A_01.pdbqt,COC(=O)c1ccc(NCCc2c[nH]c3ccccc23)c(c1)C(O)=O,7RXO_A_01,7RXO,7RXO_A,80E,7RXO_A_80E,1,1
88,docking_poses/receptor/CDK2_fastH_pdbqt/7S84_A_01.pdbqt,COC(=O)c1ccc(NCCc2c[nH]c3ccccc23)c(c1)C(O)=O,7S84_A_01,7S84,7S84_A,80E,7S84_A_80E,1,1
89,docking_poses/receptor/CDK2_fastH_pdbqt/7S85_A_01.pdbqt,COC(=O)c1ccc(NCCc2c[nH]c3ccccc23)c(c1)C(O)=O,7S85_A_01,7S85,7S85_A,80E,7S85_A_80E,1,1
90,docking_poses/receptor/CDK2_fastH_pdbqt/7S4T_A_01.pdbqt,COC(=O)c1ccc(NCCc2c[nH]c3ccccc23)c(c1)C(O)=O,7S4T_A_01,7S4T,7S4T_A,80E,7S4T_A_80E,1,1
91,docking_poses/receptor/CDK2_fastH_pdbqt/8FP0_A_01.pdbqt,COC(=O)c1ccc(NCCc2c[nH]c3ccccc23)c(c1)C(O)=O,8FP0_A_01,8FP0,8FP0_A,80E,8FP0_A_80E,1,1
92,docking_poses/receptor/CDK2_fastH_pdbqt/7RWF_A.pdbqt,COC(=O)c1ccc(NCCc2c[nH]c3ccccc23)c(c1)C(O)=O,7RWF_A,7RWF,7RWF_A,80E,7RWF_A_80E,1,1
93,docking_poses/receptor/CDK2_fastH_pdbqt/3PXF_A.pdbqt,COC(=O)c1ccc(NCCc2c[nH]c3ccccc23)c(c1)C(O)=O,3PXF_A,3PXF,3PXF_A,80E,3PXF_A_80E,3,1
94,docking_poses/receptor/CDK2_fastH_pdbqt/3PXQ_A_01.pdbqt,COC(=O)c1ccc(NCCc2c[nH]c3ccccc23)c(c1)C(O)=O,3PXQ_A_01,3PXQ,3PXQ_A,80E,3PXQ_A_80E,3,1
95,docking_poses/receptor/CDK2_fastH_pdbqt/4EZ7_A.pdbqt,COC(=O)c1ccc(NCCc2c[nH]c3ccccc23)c(c1)C(O)=O,4EZ7_A,4EZ7,4EZ7_A,80E,4EZ7_A_80E,3,1
96,docking_poses/receptor/CDK2_fastH_pdbqt/1JST_A.pdbqt,COC(=O)c1ccc(NCCc2c[nH]c3ccccc23)c(c1)C(O)=O,1JST_A,1JST,1JST_A,80E,1JST_A_80E,2,1
97,docking_poses/receptor/CDK2_fastH_pdbqt/7ACK_C_01.pdbqt,COC(=O)c1ccc(NCCc2c[nH]c3ccccc23)c(c1)C(O)=O,7ACK_C_01,7ACK,7ACK_C,80E,7ACK_C_80E,2,1
98,docking_poses/receptor/CDK2_fastH_pdbqt/3BHT_A_01.pdbqt,COC(=O)c1ccc(NCCc2c[nH]c3ccccc23)c(c1)C(O)=O,3BHT_A_01,3BHT,3BHT_A,80E,3BHT_A_80E,2,1
99,docking_poses/receptor/CDK2_fastH_pdbqt/2C5V_C_01.pdbqt,COC(=O)c1ccc(NCCc2c[nH]c3ccccc23)c(c1)C(O)=O,2C5V_C_01,2C5V,2C5V_C,80E,2C5V_C_80E,2,1
100,docking_poses/receptor/CDK2_fastH_pdbqt/4BCM_C_01.pdbqt,COC(=O)c1ccc(NCCc2c[nH]c3ccccc23)c(c1)C(O)=O,4BCM_C_01,4BCM,4BCM_C,80E,4BCM_C_80E,2,1
101,docking_poses/receptor/CDK2_fastH_pdbqt/7KJS_A_01.pdbqt,COC(=O)c1ccc(NCCc2c[nH]c3ccccc23)c(c1)C(O)=O,7KJS_A_01,7KJS,7KJS_A,80E,7KJS_A_80E,2,1
102,docking_poses/receptor/CDK2_fastH_pdbqt/3BHU_A_01.pdbqt,COC(=O)c1ccc(NCCc2c[nH]c3ccccc23)c(c1)C(O)=O,3BHU_A_01,3BHU,3BHU_A,80E,3BHU_A_80E,2,1
103,docking_poses/receptor/CDK2_fastH_pdbqt/4CFW_C_01.pdbqt,COC(=O)c1ccc(NCCc2c[nH]c3ccccc23)c(c1)C(O)=O,4CFW_C_01,4CFW,4CFW_C,80E,4CFW_C_80E,2,1
104,docking_poses/receptor/CDK2_fastH_pdbqt/1B38_A_01.pdbqt,COC(=O)c1ccc(NCCc2c[nH]c3ccccc23)c(c1)C(O)=O,1B38_A_01,1B38,1B38_A,80E,1B38_A_80E,1,1
105,docking_poses/receptor/CDK2_fastH_pdbqt/4FKG_A_01.pdbqt,COC(=O)c1ccc(NCCc2c[nH]c3ccccc23)c(c1)C(O)=O,4FKG_A_01,4FKG,4FKG_A,80E,4FKG_A_80E,1,1
106,docking_poses/receptor/CDK2_fastH_pdbqt/2R3R_A_01.pdbqt,COC(=O)c1ccc(NCCc2c[nH]c3ccccc23)c(c1)C(O)=O,2R3R_A_01,2R3R,2R3R_A,80E,2R3R_A_80E,1,1
107,docking_poses/receptor/CDK2_fastH_pdbqt/1GIH_A_01.pdbqt,COC(=O)c1ccc(NCCc2c[nH]c3ccccc23)c(c1)C(O)=O,1GIH_A_01,1GIH,1GIH_A,80E,1GIH_A_80E,1,1
108,docking_poses/receptor/CDK2_fastH_pdbqt/2BHE_A_01.pdbqt,COC(=O)c1ccc(NCCc2c[nH]c3ccccc23)c(c1)C(O)=O,2BHE_A_01,2BHE,2BHE_A,80E,2BHE_A_80E,1,1
109,docking_poses/receptor/CDK2_fastH_pdbqt/4FKI_A_01.pdbqt,COC(=O)c1ccc(NCCc2c[nH]c3ccccc23)c(c1)C(O)=O,4FKI_A_01,4FKI,4FKI_A,80E,4FKI_A_80E,1,1
110,docking_poses/receptor/CDK2_fastH_pdbqt/1GIJ_A_01.pdbqt,COC(=O)c1ccc(NCCc2c[nH]c3ccccc23)c(c1)C(O)=O,1GIJ_A_01,1GIJ,1GIJ_A,80E,1GIJ_A_80E,1,1
111,docking_poses/receptor/CDK2_fastH_pdbqt/2VTR_A_01.pdbqt,COC(=O)c1ccc(NCCc2c[nH]c3ccccc23)c(c1)C(O)=O,2VTR_A_01,2VTR,2VTR_A,80E,2VTR_A_80E,1,1
112,docking_poses/receptor/CDK2_fastH_pdbqt/7S7A_A_01.pdbqt,OC(=O)c1cc(ccc1NCCc2c[nH]c3ccccc23)C(F)(F)F,7S7A_A_01,7S7A,7S7A_A,8IL,7S7A_A_8IL,1,1
113,docking_poses/receptor/CDK2_fastH_pdbqt/8FOW_A_01.pdbqt,OC(=O)c1cc(ccc1NCCc2c[nH]c3ccccc23)C(F)(F)F,8FOW_A_01,8FOW,8FOW_A,8IL,8FOW_A_8IL,1,1
114,docking_poses/receptor/CDK2_fastH_pdbqt/7S9X_A_01.pdbqt,OC(=O)c1cc(ccc1NCCc2c[nH]c3ccccc23)C(F)(F)F,7S9X_A_01,7S9X,7S9X_A,8IL,7S9X_A_8IL,1,1
115,docking_poses/receptor/CDK2_fastH_pdbqt/7RXO_A_01.pdbqt,OC(=O)c1cc(ccc1NCCc2c[nH]c3ccccc23)C(F)(F)F,7RXO_A_01,7RXO,7RXO_A,8IL,7RXO_A_8IL,1,1
116,docking_poses/receptor/CDK2_fastH_pdbqt/7S84_A_01.pdbqt,OC(=O)c1cc(ccc1NCCc2c[nH]c3ccccc23)C(F)(F)F,7S84_A_01,7S84,7S84_A,8IL,7S84_A_8IL,1,1
117,docking_poses/receptor/CDK2_fastH_pdbqt/7S85_A_01.pdbqt,OC(=O)c1cc(ccc1NCCc2c[nH]c3ccccc23)C(F)(F)F,7S85_A_01,7S85,7S85_A,8IL,7S85_A_8IL,1,1
118,docking_poses/receptor/CDK2_fastH_pdbqt/7S4T_A_01.pdbqt,OC(=O)c1cc(ccc1NCCc2c[nH]c3ccccc23)C(F)(F)F,7S4T_A_01,7S4T,7S4T_A,8IL,7S4T_A_8IL,1,1
119,docking_poses/receptor/CDK2_fastH_pdbqt/8FP0_A_01.pdbqt,OC(=O)c1cc(ccc1NCCc2c[nH]c3ccccc23)C(F)(F)F,8FP0_A_01,8FP0,8FP0_A,8IL,8FP0_A_8IL,1,1
120,docking_poses/receptor/CDK2_fastH_pdbqt/7RWF_A.pdbqt,OC(=O)c1cc(ccc1NCCc2c[nH]c3ccccc23)C(F)(F)F,7RWF_A,7RWF,7RWF_A,8IL,7RWF_A_8IL,1,1
121,docking_poses/receptor/CDK2_fastH_pdbqt/3PXF_A.pdbqt,OC(=O)c1cc(ccc1NCCc2c[nH]c3ccccc23)C(F)(F)F,3PXF_A,3PXF,3PXF_A,8IL,3PXF_A_8IL,3,1
122,docking_poses/receptor/CDK2_fastH_pdbqt/3PXQ_A_01.pdbqt,OC(=O)c1cc(ccc1NCCc2c[nH]c3ccccc23)C(F)(F)F,3PXQ_A_01,3PXQ,3PXQ_A,8IL,3PXQ_A_8IL,3,1
123,docking_poses/receptor/CDK2_fastH_pdbqt/4EZ7_A.pdbqt,OC(=O)c1cc(ccc1NCCc2c[nH]c3ccccc23)C(F)(F)F,4EZ7_A,4EZ7,4EZ7_A,8IL,4EZ7_A_8IL,3,1
124,docking_poses/receptor/CDK2_fastH_pdbqt/1JST_A.pdbqt,OC(=O)c1cc(ccc1NCCc2c[nH]c3ccccc23)C(F)(F)F,1JST_A,1JST,1JST_A,8IL,1JST_A_8IL,2,1
125,docking_poses/receptor/CDK2_fastH_pdbqt/7ACK_C_01.pdbqt,OC(=O)c1cc(ccc1NCCc2c[nH]c3ccccc23)C(F)(F)F,7ACK_C_01,7ACK,7ACK_C,8IL,7ACK_C_8IL,2,1
126,docking_poses/receptor/CDK2_fastH_pdbqt/3BHT_A_01.pdbqt,OC(=O)c1cc(ccc1NCCc2c[nH]c3ccccc23)C(F)(F)F,3BHT_A_01,3BHT,3BHT_A,8IL,3BHT_A_8IL,2,1
127,docking_poses/receptor/CDK2_fastH_pdbqt/2C5V_C_01.pdbqt,OC(=O)c1cc(ccc1NCCc2c[nH]c3ccccc23)C(F)(F)F,2C5V_C_01,2C5V,2C5V_C,8IL,2C5V_C_8IL,2,1
128,docking_poses/receptor/CDK2_fastH_pdbqt/4BCM_C_01.pdbqt,OC(=O)c1cc(ccc1NCCc2c[nH]c3ccccc23)C(F)(F)F,4BCM_C_01,4BCM,4BCM_C,8IL,4BCM_C_8IL,2,1
129,docking_poses/receptor/CDK2_fastH_pdbqt/7KJS_A_01.pdbqt,OC(=O)c1cc(ccc1NCCc2c[nH]c3ccccc23)C(F)(F)F,7KJS_A_01,7KJS,7KJS_A,8IL,7KJS_A_8IL,2,1
130,docking_poses/receptor/CDK2_fastH_pdbqt/3BHU_A_01.pdbqt,OC(=O)c1cc(ccc1NCCc2c[nH]c3ccccc23)C(F)(F)F,3BHU_A_01,3BHU,3BHU_A,8IL,3BHU_A_8IL,2,1
131,docking_poses/receptor/CDK2_fastH_pdbqt/4CFW_C_01.pdbqt,OC(=O)c1cc(ccc1NCCc2c[nH]c3ccccc23)C(F)(F)F,4CFW_C_01,4CFW,4CFW_C,8IL,4CFW_C_8IL,2,1
132,docking_poses/receptor/CDK2_fastH_pdbqt/1B38_A_01.pdbqt,OC(=O)c1cc(ccc1NCCc2c[nH]c3ccccc23)C(F)(F)F,1B38_A_01,1B38,1B38_A,8IL,1B38_A_8IL,1,1
133,docking_poses/receptor/CDK2_fastH_pdbqt/4FKG_A_01.pdbqt,OC(=O)c1cc(ccc1NCCc2c[nH]c3ccccc23)C(F)(F)F,4FKG_A_01,4FKG,4FKG_A,8IL,4FKG_A_8IL,1,1
134,docking_poses/receptor/CDK2_fastH_pdbqt/2R3R_A_01.pdbqt,OC(=O)c1cc(ccc1NCCc2c[nH]c3ccccc23)C(F)(F)F,2R3R_A_01,2R3R,2R3R_A,8IL,2R3R_A_8IL,1,1
135,docking_poses/receptor/CDK2_fastH_pdbqt/1GIH_A_01.pdbqt,OC(=O)c1cc(ccc1NCCc2c[nH]c3ccccc23)C(F)(F)F,1GIH_A_01,1GIH,1GIH_A,8IL,1GIH_A_8IL,1,1
136,docking_poses/receptor/CDK2_fastH_pdbqt/2BHE_A_01.pdbqt,OC(=O)c1cc(ccc1NCCc2c[nH]c3ccccc23)C(F)(F)F,2BHE_A_01,2BHE,2BHE_A,8IL,2BHE_A_8IL,1,1
137,docking_poses/receptor/CDK2_fastH_pdbqt/4FKI_A_01.pdbqt,OC(=O)c1cc(ccc1NCCc2c[nH]c3ccccc23)C(F)(F)F,4FKI_A_01,4FKI,4FKI_A,8IL,4FKI_A_8IL,1,1
138,docking_poses/receptor/CDK2_fastH_pdbqt/1GIJ_A_01.pdbqt,OC(=O)c1cc(ccc1NCCc2c[nH]c3ccccc23)C(F)(F)F,1GIJ_A_01,1GIJ,1GIJ_A,8IL,1GIJ_A_8IL,1,1
139,docking_poses/receptor/CDK2_fastH_pdbqt/2VTR_A_01.pdbqt,OC(=O)c1cc(ccc1NCCc2c[nH]c3ccccc23)C(F)(F)F,2VTR_A_01,2VTR,2VTR_A,8IL,2VTR_A_8IL,1,1
140,docking_poses/receptor/CDK2_fastH_pdbqt/7S7A_A_01.pdbqt,OC(=O)c1cc(OC(F)(F)F)ccc1NCCc2c[nH]c3ccccc23,7S7A_A_01,7S7A,7S7A_A,8IQ,7S7A_A_8IQ,1,1
141,docking_poses/receptor/CDK2_fastH_pdbqt/8FOW_A_01.pdbqt,OC(=O)c1cc(OC(F)(F)F)ccc1NCCc2c[nH]c3ccccc23,8FOW_A_01,8FOW,8FOW_A,8IQ,8FOW_A_8IQ,1,1
142,docking_poses/receptor/CDK2_fastH_pdbqt/7S9X_A_01.pdbqt,OC(=O)c1cc(OC(F)(F)F)ccc1NCCc2c[nH]c3ccccc23,7S9X_A_01,7S9X,7S9X_A,8IQ,7S9X_A_8IQ,1,1
143,docking_poses/receptor/CDK2_fastH_pdbqt/7RXO_A_01.pdbqt,OC(=O)c1cc(OC(F)(F)F)ccc1NCCc2c[nH]c3ccccc23,7RXO_A_01,7RXO,7RXO_A,8IQ,7RXO_A_8IQ,1,1
144,docking_poses/receptor/CDK2_fastH_pdbqt/7S84_A_01.pdbqt,OC(=O)c1cc(OC(F)(F)F)ccc1NCCc2c[nH]c3ccccc23,7S84_A_01,7S84,7S84_A,8IQ,7S84_A_8IQ,1,1
145,docking_poses/receptor/CDK2_fastH_pdbqt/7S85_A_01.pdbqt,OC(=O)c1cc(OC(F)(F)F)ccc1NCCc2c[nH]c3ccccc23,7S85_A_01,7S85,7S85_A,8IQ,7S85_A_8IQ,1,1
146,docking_poses/receptor/CDK2_fastH_pdbqt/7S4T_A_01.pdbqt,OC(=O)c1cc(OC(F)(F)F)ccc1NCCc2c[nH]c3ccccc23,7S4T_A_01,7S4T,7S4T_A,8IQ,7S4T_A_8IQ,1,1
147,docking_poses/receptor/CDK2_fastH_pdbqt/8FP0_A_01.pdbqt,OC(=O)c1cc(OC(F)(F)F)ccc1NCCc2c[nH]c3ccccc23,8FP0_A_01,8FP0,8FP0_A,8IQ,8FP0_A_8IQ,1,1
148,docking_poses/receptor/CDK2_fastH_pdbqt/7RWF_A.pdbqt,OC(=O)c1cc(OC(F)(F)F)ccc1NCCc2c[nH]c3ccccc23,7RWF_A,7RWF,7RWF_A,8IQ,7RWF_A_8IQ,1,1
149,docking_poses/receptor/CDK2_fastH_pdbqt/3PXF_A.pdbqt,OC(=O)c1cc(OC(F)(F)F)ccc1NCCc2c[nH]c3ccccc23,3PXF_A,3PXF,3PXF_A,8IQ,3PXF_A_8IQ,3,1
150,docking_poses/receptor/CDK2_fastH_pdbqt/3PXQ_A_01.pdbqt,OC(=O)c1cc(OC(F)(F)F)ccc1NCCc2c[nH]c3ccccc23,3PXQ_A_01,3PXQ,3PXQ_A,8IQ,3PXQ_A_8IQ,3,1
151,docking_poses/receptor/CDK2_fastH_pdbqt/4EZ7_A.pdbqt,OC(=O)c1cc(OC(F)(F)F)ccc1NCCc2c[nH]c3ccccc23,4EZ7_A,4EZ7,4EZ7_A,8IQ,4EZ7_A_8IQ,3,1
152,docking_poses/receptor/CDK2_fastH_pdbqt/1JST_A.pdbqt,OC(=O)c1cc(OC(F)(F)F)ccc1NCCc2c[nH]c3ccccc23,1JST_A,1JST,1JST_A,8IQ,1JST_A_8IQ,2,1
153,docking_poses/receptor/CDK2_fastH_pdbqt/7ACK_C_01.pdbqt,OC(=O)c1cc(OC(F)(F)F)ccc1NCCc2c[nH]c3ccccc23,7ACK_C_01,7ACK,7ACK_C,8IQ,7ACK_C_8IQ,2,1
154,docking_poses/receptor/CDK2_fastH_pdbqt/3BHT_A_01.pdbqt,OC(=O)c1cc(OC(F)(F)F)ccc1NCCc2c[nH]c3ccccc23,3BHT_A_01,3BHT,3BHT_A,8IQ,3BHT_A_8IQ,2,1
155,docking_poses/receptor/CDK2_fastH_pdbqt/2C5V_C_01.pdbqt,OC(=O)c1cc(OC(F)(F)F)ccc1NCCc2c[nH]c3ccccc23,2C5V_C_01,2C5V,2C5V_C,8IQ,2C5V_C_8IQ,2,1
156,docking_poses/receptor/CDK2_fastH_pdbqt/4BCM_C_01.pdbqt,OC(=O)c1cc(OC(F)(F)F)ccc1NCCc2c[nH]c3ccccc23,4BCM_C_01,4BCM,4BCM_C,8IQ,4BCM_C_8IQ,2,1
157,docking_poses/receptor/CDK2_fastH_pdbqt/7KJS_A_01.pdbqt,OC(=O)c1cc(OC(F)(F)F)ccc1NCCc2c[nH]c3ccccc23,7KJS_A_01,7KJS,7KJS_A,8IQ,7KJS_A_8IQ,2,1
158,docking_poses/receptor/CDK2_fastH_pdbqt/3BHU_A_01.pdbqt,OC(=O)c1cc(OC(F)(F)F)ccc1NCCc2c[nH]c3ccccc23,3BHU_A_01,3BHU,3BHU_A,8IQ,3BHU_A_8IQ,2,1
159,docking_poses/receptor/CDK2_fastH_pdbqt/4CFW_C_01.pdbqt,OC(=O)c1cc(OC(F)(F)F)ccc1NCCc2c[nH]c3ccccc23,4CFW_C_01,4CFW,4CFW_C,8IQ,4CFW_C_8IQ,2,1
160,docking_poses/receptor/CDK2_fastH_pdbqt/1B38_A_01.pdbqt,OC(=O)c1cc(OC(F)(F)F)ccc1NCCc2c[nH]c3ccccc23,1B38_A_01,1B38,1B38_A,8IQ,1B38_A_8IQ,1,1
161,docking_poses/receptor/CDK2_fastH_pdbqt/4FKG_A_01.pdbqt,OC(=O)c1cc(OC(F)(F)F)ccc1NCCc2c[nH]c3ccccc23,4FKG_A_01,4FKG,4FKG_A,8IQ,4FKG_A_8IQ,1,1
162,docking_poses/receptor/CDK2_fastH_pdbqt/2R3R_A_01.pdbqt,OC(=O)c1cc(OC(F)(F)F)ccc1NCCc2c[nH]c3ccccc23,2R3R_A_01,2R3R,2R3R_A,8IQ,2R3R_A_8IQ,1,1
163,docking_poses/receptor/CDK2_fastH_pdbqt/1GIH_A_01.pdbqt,OC(=O)c1cc(OC(F)(F)F)ccc1NCCc2c[nH]c3ccccc23,1GIH_A_01,1GIH,1GIH_A,8IQ,1GIH_A_8IQ,1,1
164,docking_poses/receptor/CDK2_fastH_pdbqt/2BHE_A_01.pdbqt,OC(=O)c1cc(OC(F)(F)F)ccc1NCCc2c[nH]c3ccccc23,2BHE_A_01,2BHE,2BHE_A,8IQ,2BHE_A_8IQ,1,1
165,docking_poses/receptor/CDK2_fastH_pdbqt/4FKI_A_01.pdbqt,OC(=O)c1cc(OC(F)(F)F)ccc1NCCc2c[nH]c3ccccc23,4FKI_A_01,4FKI,4FKI_A,8IQ,4FKI_A_8IQ,1,1
166,docking_poses/receptor/CDK2_fastH_pdbqt/1GIJ_A_01.pdbqt,OC(=O)c1cc(OC(F)(F)F)ccc1NCCc2c[nH]c3ccccc23,1GIJ_A_01,1GIJ,1GIJ_A,8IQ,1GIJ_A_8IQ,1,1
167,docking_poses/receptor/CDK2_fastH_pdbqt/2VTR_A_01.pdbqt,OC(=O)c1cc(OC(F)(F)F)ccc1NCCc2c[nH]c3ccccc23,2VTR_A_01,2VTR,2VTR_A,8IQ,2VTR_A_8IQ,1,1
168,docking_poses/receptor/CDK2_fastH_pdbqt/7S7A_A_01.pdbqt,OC(=O)c1cc(ccc1NCCc2c[nH]c3cc(Cl)ccc23)[N+]([O-])=O,7S7A_A_01,7S7A,7S7A_A,88O,7S7A_A_88O,1,1
169,docking_poses/receptor/CDK2_fastH_pdbqt/8FOW_A_01.pdbqt,OC(=O)c1cc(ccc1NCCc2c[nH]c3cc(Cl)ccc23)[N+]([O-])=O,8FOW_A_01,8FOW,8FOW_A,88O,8FOW_A_88O,1,1
170,docking_poses/receptor/CDK2_fastH_pdbqt/7S9X_A_01.pdbqt,OC(=O)c1cc(ccc1NCCc2c[nH]c3cc(Cl)ccc23)[N+]([O-])=O,7S9X_A_01,7S9X,7S9X_A,88O,7S9X_A_88O,1,1
171,docking_poses/receptor/CDK2_fastH_pdbqt/7RXO_A_01.pdbqt,OC(=O)c1cc(ccc1NCCc2c[nH]c3cc(Cl)ccc23)[N+]([O-])=O,7RXO_A_01,7RXO,7RXO_A,88O,7RXO_A_88O,1,1
172,docking_poses/receptor/CDK2_fastH_pdbqt/7S84_A_01.pdbqt,OC(=O)c1cc(ccc1NCCc2c[nH]c3cc(Cl)ccc23)[N+]([O-])=O,7S84_A_01,7S84,7S84_A,88O,7S84_A_88O,1,1
173,docking_poses/receptor/CDK2_fastH_pdbqt/7S85_A_01.pdbqt,OC(=O)c1cc(ccc1NCCc2c[nH]c3cc(Cl)ccc23)[N+]([O-])=O,7S85_A_01,7S85,7S85_A,88O,7S85_A_88O,1,1
174,docking_poses/receptor/CDK2_fastH_pdbqt/7S4T_A_01.pdbqt,OC(=O)c1cc(ccc1NCCc2c[nH]c3cc(Cl)ccc23)[N+]([O-])=O,7S4T_A_01,7S4T,7S4T_A,88O,7S4T_A_88O,1,1
175,docking_poses/receptor/CDK2_fastH_pdbqt/8FP0_A_01.pdbqt,OC(=O)c1cc(ccc1NCCc2c[nH]c3cc(Cl)ccc23)[N+]([O-])=O,8FP0_A_01,8FP0,8FP0_A,88O,8FP0_A_88O,1,1
176,docking_poses/receptor/CDK2_fastH_pdbqt/7RWF_A.pdbqt,OC(=O)c1cc(ccc1NCCc2c[nH]c3cc(Cl)ccc23)[N+]([O-])=O,7RWF_A,7RWF,7RWF_A,88O,7RWF_A_88O,1,1
177,docking_poses/receptor/CDK2_fastH_pdbqt/3PXF_A.pdbqt,OC(=O)c1cc(ccc1NCCc2c[nH]c3cc(Cl)ccc23)[N+]([O-])=O,3PXF_A,3PXF,3PXF_A,88O,3PXF_A_88O,3,1
178,docking_poses/receptor/CDK2_fastH_pdbqt/3PXQ_A_01.pdbqt,OC(=O)c1cc(ccc1NCCc2c[nH]c3cc(Cl)ccc23)[N+]([O-])=O,3PXQ_A_01,3PXQ,3PXQ_A,88O,3PXQ_A_88O,3,1
179,docking_poses/receptor/CDK2_fastH_pdbqt/4EZ7_A.pdbqt,OC(=O)c1cc(ccc1NCCc2c[nH]c3cc(Cl)ccc23)[N+]([O-])=O,4EZ7_A,4EZ7,4EZ7_A,88O,4EZ7_A_88O,3,1
180,docking_poses/receptor/CDK2_fastH_pdbqt/1JST_A.pdbqt,OC(=O)c1cc(ccc1NCCc2c[nH]c3cc(Cl)ccc23)[N+]([O-])=O,1JST_A,1JST,1JST_A,88O,1JST_A_88O,2,1
181,docking_poses/receptor/CDK2_fastH_pdbqt/7ACK_C_01.pdbqt,OC(=O)c1cc(ccc1NCCc2c[nH]c3cc(Cl)ccc23)[N+]([O-])=O,7ACK_C_01,7ACK,7ACK_C,88O,7ACK_C_88O,2,1
182,docking_poses/receptor/CDK2_fastH_pdbqt/3BHT_A_01.pdbqt,OC(=O)c1cc(ccc1NCCc2c[nH]c3cc(Cl)ccc23)[N+]([O-])=O,3BHT_A_01,3BHT,3BHT_A,88O,3BHT_A_88O,2,1
183,docking_poses/receptor/CDK2_fastH_pdbqt/2C5V_C_01.pdbqt,OC(=O)c1cc(ccc1NCCc2c[nH]c3cc(Cl)ccc23)[N+]([O-])=O,2C5V_C_01,2C5V,2C5V_C,88O,2C5V_C_88O,2,1
184,docking_poses/receptor/CDK2_fastH_pdbqt/4BCM_C_01.pdbqt,OC(=O)c1cc(ccc1NCCc2c[nH]c3cc(Cl)ccc23)[N+]([O-])=O,4BCM_C_01,4BCM,4BCM_C,88O,4BCM_C_88O,2,1
185,docking_poses/receptor/CDK2_fastH_pdbqt/7KJS_A_01.pdbqt,OC(=O)c1cc(ccc1NCCc2c[nH]c3cc(Cl)ccc23)[N+]([O-])=O,7KJS_A_01,7KJS,7KJS_A,88O,7KJS_A_88O,2,1
186,docking_poses/receptor/CDK2_fastH_pdbqt/3BHU_A_01.pdbqt,OC(=O)c1cc(ccc1NCCc2c[nH]c3cc(Cl)ccc23)[N+]([O-])=O,3BHU_A_01,3BHU,3BHU_A,88O,3BHU_A_88O,2,1
187,docking_poses/receptor/CDK2_fastH_pdbqt/4CFW_C_01.pdbqt,OC(=O)c1cc(ccc1NCCc2c[nH]c3cc(Cl)ccc23)[N+]([O-])=O,4CFW_C_01,4CFW,4CFW_C,88O,4CFW_C_88O,2,1
188,docking_poses/receptor/CDK2_fastH_pdbqt/1B38_A_01.pdbqt,OC(=O)c1cc(ccc1NCCc2c[nH]c3cc(Cl)ccc23)[N+]([O-])=O,1B38_A_01,1B38,1B38_A,88O,1B38_A_88O,1,1
189,docking_poses/receptor/CDK2_fastH_pdbqt/4FKG_A_01.pdbqt,OC(=O)c1cc(ccc1NCCc2c[nH]c3cc(Cl)ccc23)[N+]([O-])=O,4FKG_A_01,4FKG,4FKG_A,88O,4FKG_A_88O,1,1
190,docking_poses/receptor/CDK2_fastH_pdbqt/2R3R_A_01.pdbqt,OC(=O)c1cc(ccc1NCCc2c[nH]c3cc(Cl)ccc23)[N+]([O-])=O,2R3R_A_01,2R3R,2R3R_A,88O,2R3R_A_88O,1,1
191,docking_poses/receptor/CDK2_fastH_pdbqt/1GIH_A_01.pdbqt,OC(=O)c1cc(ccc1NCCc2c[nH]c3cc(Cl)ccc23)[N+]([O-])=O,1GIH_A_01,1GIH,1GIH_A,88O,1GIH_A_88O,1,1
192,docking_poses/receptor/CDK2_fastH_pdbqt/2BHE_A_01.pdbqt,OC(=O)c1cc(ccc1NCCc2c[nH]c3cc(Cl)ccc23)[N+]([O-])=O,2BHE_A_01,2BHE,2BHE_A,88O,2BHE_A_88O,1,1
193,docking_poses/receptor/CDK2_fastH_pdbqt/4FKI_A_01.pdbqt,OC(=O)c1cc(ccc1NCCc2c[nH]c3cc(Cl)ccc23)[N+]([O-])=O,4FKI_A_01,4FKI,4FKI_A,88O,4FKI_A_88O,1,1
194,docking_poses/receptor/CDK2_fastH_pdbqt/1GIJ_A_01.pdbqt,OC(=O)c1cc(ccc1NCCc2c[nH]c3cc(Cl)ccc23)[N+]([O-])=O,1GIJ_A_01,1GIJ,1GIJ_A,88O,1GIJ_A_88O,1,1
195,docking_poses/receptor/CDK2_fastH_pdbqt/2VTR_A_01.pdbqt,OC(=O)c1cc(ccc1NCCc2c[nH]c3cc(Cl)ccc23)[N+]([O-])=O,2VTR_A_01,2VTR,2VTR_A,88O,2VTR_A_88O,1,1
196,docking_poses/receptor/CDK2_fastH_pdbqt/7S7A_A_01.pdbqt,Nc1ncnc2n(cnc12)[C@@H]3O[C@H](CO[P@](O)(=O)O[P@@](O)(=O)O[P](O)(O)=O)[C@@H](O)[C@H]3O,7S7A_A_01,7S7A,7S7A_A,ATP,7S7A_A_ATP,1,0
197,docking_poses/receptor/CDK2_fastH_pdbqt/8FOW_A_01.pdbqt,Nc1ncnc2n(cnc12)[C@@H]3O[C@H](CO[P@](O)(=O)O[P@@](O)(=O)O[P](O)(O)=O)[C@@H](O)[C@H]3O,8FOW_A_01,8FOW,8FOW_A,ATP,8FOW_A_ATP,1,0
198,docking_poses/receptor/CDK2_fastH_pdbqt/7S9X_A_01.pdbqt,Nc1ncnc2n(cnc12)[C@@H]3O[C@H](CO[P@](O)(=O)O[P@@](O)(=O)O[P](O)(O)=O)[C@@H](O)[C@H]3O,7S9X_A_01,7S9X,7S9X_A,ATP,7S9X_A_ATP,1,0
199,docking_poses/receptor/CDK2_fastH_pdbqt/7RXO_A_01.pdbqt,Nc1ncnc2n(cnc12)[C@@H]3O[C@H](CO[P@](O)(=O)O[P@@](O)(=O)O[P](O)(O)=O)[C@@H](O)[C@H]3O,7RXO_A_01,7RXO,7RXO_A,ATP,7RXO_A_ATP,1,0
200,docking_poses/receptor/CDK2_fastH_pdbqt/7S84_A_01.pdbqt,Nc1ncnc2n(cnc12)[C@@H]3O[C@H](CO[P@](O)(=O)O[P@@](O)(=O)O[P](O)(O)=O)[C@@H](O)[C@H]3O,7S84_A_01,7S84,7S84_A,ATP,7S84_A_ATP,1,0
201,docking_poses/receptor/CDK2_fastH_pdbqt/7S85_A_01.pdbqt,Nc1ncnc2n(cnc12)[C@@H]3O[C@H](CO[P@](O)(=O)O[P@@](O)(=O)O[P](O)(O)=O)[C@@H](O)[C@H]3O,7S85_A_01,7S85,7S85_A,ATP,7S85_A_ATP,1,0
202,docking_poses/receptor/CDK2_fastH_pdbqt/7S4T_A_01.pdbqt,Nc1ncnc2n(cnc12)[C@@H]3O[C@H](CO[P@](O)(=O)O[P@@](O)(=O)O[P](O)(O)=O)[C@@H](O)[C@H]3O,7S4T_A_01,7S4T,7S4T_A,ATP,7S4T_A_ATP,1,0
203,docking_poses/receptor/CDK2_fastH_pdbqt/8FP0_A_01.pdbqt,Nc1ncnc2n(cnc12)[C@@H]3O[C@H](CO[P@](O)(=O)O[P@@](O)(=O)O[P](O)(O)=O)[C@@H](O)[C@H]3O,8FP0_A_01,8FP0,8FP0_A,ATP,8FP0_A_ATP,1,0
204,docking_poses/receptor/CDK2_fastH_pdbqt/7RWF_A.pdbqt,Nc1ncnc2n(cnc12)[C@@H]3O[C@H](CO[P@](O)(=O)O[P@@](O)(=O)O[P](O)(O)=O)[C@@H](O)[C@H]3O,7RWF_A,7RWF,7RWF_A,ATP,7RWF_A_ATP,1,0
205,docking_poses/receptor/CDK2_fastH_pdbqt/3PXF_A.pdbqt,Nc1ncnc2n(cnc12)[C@@H]3O[C@H](CO[P@](O)(=O)O[P@@](O)(=O)O[P](O)(O)=O)[C@@H](O)[C@H]3O,3PXF_A,3PXF,3PXF_A,ATP,3PXF_A_ATP,3,0
206,docking_poses/receptor/CDK2_fastH_pdbqt/3PXQ_A_01.pdbqt,Nc1ncnc2n(cnc12)[C@@H]3O[C@H](CO[P@](O)(=O)O[P@@](O)(=O)O[P](O)(O)=O)[C@@H](O)[C@H]3O,3PXQ_A_01,3PXQ,3PXQ_A,ATP,3PXQ_A_ATP,3,0
207,docking_poses/receptor/CDK2_fastH_pdbqt/4EZ7_A.pdbqt,Nc1ncnc2n(cnc12)[C@@H]3O[C@H](CO[P@](O)(=O)O[P@@](O)(=O)O[P](O)(O)=O)[C@@H](O)[C@H]3O,4EZ7_A,4EZ7,4EZ7_A,ATP,4EZ7_A_ATP,3,0
208,docking_poses/receptor/CDK2_fastH_pdbqt/1JST_A.pdbqt,Nc1ncnc2n(cnc12)[C@@H]3O[C@H](CO[P@](O)(=O)O[P@@](O)(=O)O[P](O)(O)=O)[C@@H](O)[C@H]3O,1JST_A,1JST,1JST_A,ATP,1JST_A_ATP,2,0
209,docking_poses/receptor/CDK2_fastH_pdbqt/7ACK_C_01.pdbqt,Nc1ncnc2n(cnc12)[C@@H]3O[C@H](CO[P@](O)(=O)O[P@@](O)(=O)O[P](O)(O)=O)[C@@H](O)[C@H]3O,7ACK_C_01,7ACK,7ACK_C,ATP,7ACK_C_ATP,2,0
210,docking_poses/receptor/CDK2_fastH_pdbqt/3BHT_A_01.pdbqt,Nc1ncnc2n(cnc12)[C@@H]3O[C@H](CO[P@](O)(=O)O[P@@](O)(=O)O[P](O)(O)=O)[C@@H](O)[C@H]3O,3BHT_A_01,3BHT,3BHT_A,ATP,3BHT_A_ATP,2,0
211,docking_poses/receptor/CDK2_fastH_pdbqt/2C5V_C_01.pdbqt,Nc1ncnc2n(cnc12)[C@@H]3O[C@H](CO[P@](O)(=O)O[P@@](O)(=O)O[P](O)(O)=O)[C@@H](O)[C@H]3O,2C5V_C_01,2C5V,2C5V_C,ATP,2C5V_C_ATP,2,0
212,docking_poses/receptor/CDK2_fastH_pdbqt/4BCM_C_01.pdbqt,Nc1ncnc2n(cnc12)[C@@H]3O[C@H](CO[P@](O)(=O)O[P@@](O)(=O)O[P](O)(O)=O)[C@@H](O)[C@H]3O,4BCM_C_01,4BCM,4BCM_C,ATP,4BCM_C_ATP,2,0
213,docking_poses/receptor/CDK2_fastH_pdbqt/7KJS_A_01.pdbqt,Nc1ncnc2n(cnc12)[C@@H]3O[C@H](CO[P@](O)(=O)O[P@@](O)(=O)O[P](O)(O)=O)[C@@H](O)[C@H]3O,7KJS_A_01,7KJS,7KJS_A,ATP,7KJS_A_ATP,2,0
214,docking_poses/receptor/CDK2_fastH_pdbqt/3BHU_A_01.pdbqt,Nc1ncnc2n(cnc12)[C@@H]3O[C@H](CO[P@](O)(=O)O[P@@](O)(=O)O[P](O)(O)=O)[C@@H](O)[C@H]3O,3BHU_A_01,3BHU,3BHU_A,ATP,3BHU_A_ATP,2,0
215,docking_poses/receptor/CDK2_fastH_pdbqt/4CFW_C_01.pdbqt,Nc1ncnc2n(cnc12)[C@@H]3O[C@H](CO[P@](O)(=O)O[P@@](O)(=O)O[P](O)(O)=O)[C@@H](O)[C@H]3O,4CFW_C_01,4CFW,4CFW_C,ATP,4CFW_C_ATP,2,0
216,docking_poses/receptor/CDK2_fastH_pdbqt/1B38_A_01.pdbqt,Nc1ncnc2n(cnc12)[C@@H]3O[C@H](CO[P@](O)(=O)O[P@@](O)(=O)O[P](O)(O)=O)[C@@H](O)[C@H]3O,1B38_A_01,1B38,1B38_A,ATP,1B38_A_ATP,1,0
217,docking_poses/receptor/CDK2_fastH_pdbqt/4FKG_A_01.pdbqt,Nc1ncnc2n(cnc12)[C@@H]3O[C@H](CO[P@](O)(=O)O[P@@](O)(=O)O[P](O)(O)=O)[C@@H](O)[C@H]3O,4FKG_A_01,4FKG,4FKG_A,ATP,4FKG_A_ATP,1,0
218,docking_poses/receptor/CDK2_fastH_pdbqt/2R3R_A_01.pdbqt,Nc1ncnc2n(cnc12)[C@@H]3O[C@H](CO[P@](O)(=O)O[P@@](O)(=O)O[P](O)(O)=O)[C@@H](O)[C@H]3O,2R3R_A_01,2R3R,2R3R_A,ATP,2R3R_A_ATP,1,0
219,docking_poses/receptor/CDK2_fastH_pdbqt/1GIH_A_01.pdbqt,Nc1ncnc2n(cnc12)[C@@H]3O[C@H](CO[P@](O)(=O)O[P@@](O)(=O)O[P](O)(O)=O)[C@@H](O)[C@H]3O,1GIH_A_01,1GIH,1GIH_A,ATP,1GIH_A_ATP,1,0
220,docking_poses/receptor/CDK2_fastH_pdbqt/2BHE_A_01.pdbqt,Nc1ncnc2n(cnc12)[C@@H]3O[C@H](CO[P@](O)(=O)O[P@@](O)(=O)O[P](O)(O)=O)[C@@H](O)[C@H]3O,2BHE_A_01,2BHE,2BHE_A,ATP,2BHE_A_ATP,1,0
221,docking_poses/receptor/CDK2_fastH_pdbqt/4FKI_A_01.pdbqt,Nc1ncnc2n(cnc12)[C@@H]3O[C@H](CO[P@](O)(=O)O[P@@](O)(=O)O[P](O)(O)=O)[C@@H](O)[C@H]3O,4FKI_A_01,4FKI,4FKI_A,ATP,4FKI_A_ATP,1,0
222,docking_poses/receptor/CDK2_fastH_pdbqt/1GIJ_A_01.pdbqt,Nc1ncnc2n(cnc12)[C@@H]3O[C@H](CO[P@](O)(=O)O[P@@](O)(=O)O[P](O)(O)=O)[C@@H](O)[C@H]3O,1GIJ_A_01,1GIJ,1GIJ_A,ATP,1GIJ_A_ATP,1,0
223,docking_poses/receptor/CDK2_fastH_pdbqt/2VTR_A_01.pdbqt,Nc1ncnc2n(cnc12)[C@@H]3O[C@H](CO[P@](O)(=O)O[P@@](O)(=O)O[P](O)(O)=O)[C@@H](O)[C@H]3O,2VTR_A_01,2VTR,2VTR_A,ATP,2VTR_A_ATP,1,0
224,docking_poses/receptor/CDK2_fastH_pdbqt/7S7A_A_01.pdbqt,O=C1NC=C(C2CCCCC2)c3nccn13,7S7A_A_01,7S7A,7S7A_A,R7B,7S7A_A_R7B,1,0
225,docking_poses/receptor/CDK2_fastH_pdbqt/8FOW_A_01.pdbqt,O=C1NC=C(C2CCCCC2)c3nccn13,8FOW_A_01,8FOW,8FOW_A,R7B,8FOW_A_R7B,1,0
226,docking_poses/receptor/CDK2_fastH_pdbqt/7S9X_A_01.pdbqt,O=C1NC=C(C2CCCCC2)c3nccn13,7S9X_A_01,7S9X,7S9X_A,R7B,7S9X_A_R7B,1,0
227,docking_poses/receptor/CDK2_fastH_pdbqt/7RXO_A_01.pdbqt,O=C1NC=C(C2CCCCC2)c3nccn13,7RXO_A_01,7RXO,7RXO_A,R7B,7RXO_A_R7B,1,0
228,docking_poses/receptor/CDK2_fastH_pdbqt/7S84_A_01.pdbqt,O=C1NC=C(C2CCCCC2)c3nccn13,7S84_A_01,7S84,7S84_A,R7B,7S84_A_R7B,1,0
229,docking_poses/receptor/CDK2_fastH_pdbqt/7S85_A_01.pdbqt,O=C1NC=C(C2CCCCC2)c3nccn13,7S85_A_01,7S85,7S85_A,R7B,7S85_A_R7B,1,0
230,docking_poses/receptor/CDK2_fastH_pdbqt/7S4T_A_01.pdbqt,O=C1NC=C(C2CCCCC2)c3nccn13,7S4T_A_01,7S4T,7S4T_A,R7B,7S4T_A_R7B,1,0
231,docking_poses/receptor/CDK2_fastH_pdbqt/8FP0_A_01.pdbqt,O=C1NC=C(C2CCCCC2)c3nccn13,8FP0_A_01,8FP0,8FP0_A,R7B,8FP0_A_R7B,1,0
232,docking_poses/receptor/CDK2_fastH_pdbqt/7RWF_A.pdbqt,O=C1NC=C(C2CCCCC2)c3nccn13,7RWF_A,7RWF,7RWF_A,R7B,7RWF_A_R7B,1,0
233,docking_poses/receptor/CDK2_fastH_pdbqt/3PXF_A.pdbqt,O=C1NC=C(C2CCCCC2)c3nccn13,3PXF_A,3PXF,3PXF_A,R7B,3PXF_A_R7B,3,0
234,docking_poses/receptor/CDK2_fastH_pdbqt/3PXQ_A_01.pdbqt,O=C1NC=C(C2CCCCC2)c3nccn13,3PXQ_A_01,3PXQ,3PXQ_A,R7B,3PXQ_A_R7B,3,0
235,docking_poses/receptor/CDK2_fastH_pdbqt/4EZ7_A.pdbqt,O=C1NC=C(C2CCCCC2)c3nccn13,4EZ7_A,4EZ7,4EZ7_A,R7B,4EZ7_A_R7B,3,0
236,docking_poses/receptor/CDK2_fastH_pdbqt/1JST_A.pdbqt,O=C1NC=C(C2CCCCC2)c3nccn13,1JST_A,1JST,1JST_A,R7B,1JST_A_R7B,2,0
237,docking_poses/receptor/CDK2_fastH_pdbqt/7ACK_C_01.pdbqt,O=C1NC=C(C2CCCCC2)c3nccn13,7ACK_C_01,7ACK,7ACK_C,R7B,7ACK_C_R7B,2,0
238,docking_poses/receptor/CDK2_fastH_pdbqt/3BHT_A_01.pdbqt,O=C1NC=C(C2CCCCC2)c3nccn13,3BHT_A_01,3BHT,3BHT_A,R7B,3BHT_A_R7B,2,0
239,docking_poses/receptor/CDK2_fastH_pdbqt/2C5V_C_01.pdbqt,O=C1NC=C(C2CCCCC2)c3nccn13,2C5V_C_01,2C5V,2C5V_C,R7B,2C5V_C_R7B,2,0
240,docking_poses/receptor/CDK2_fastH_pdbqt/4BCM_C_01.pdbqt,O=C1NC=C(C2CCCCC2)c3nccn13,4BCM_C_01,4BCM,4BCM_C,R7B,4BCM_C_R7B,2,0
241,docking_poses/receptor/CDK2_fastH_pdbqt/7KJS_A_01.pdbqt,O=C1NC=C(C2CCCCC2)c3nccn13,7KJS_A_01,7KJS,7KJS_A,R7B,7KJS_A_R7B,2,0
242,docking_poses/receptor/CDK2_fastH_pdbqt/3BHU_A_01.pdbqt,O=C1NC=C(C2CCCCC2)c3nccn13,3BHU_A_01,3BHU,3BHU_A,R7B,3BHU_A_R7B,2,0
243,docking_poses/receptor/CDK2_fastH_pdbqt/4CFW_C_01.pdbqt,O=C1NC=C(C2CCCCC2)c3nccn13,4CFW_C_01,4CFW,4CFW_C,R7B,4CFW_C_R7B,2,0
244,docking_poses/receptor/CDK2_fastH_pdbqt/1B38_A_01.pdbqt,O=C1NC=C(C2CCCCC2)c3nccn13,1B38_A_01,1B38,1B38_A,R7B,1B38_A_R7B,1,0
245,docking_poses/receptor/CDK2_fastH_pdbqt/4FKG_A_01.pdbqt,O=C1NC=C(C2CCCCC2)c3nccn13,4FKG_A_01,4FKG,4FKG_A,R7B,4FKG_A_R7B,1,0
246,docking_poses/receptor/CDK2_fastH_pdbqt/2R3R_A_01.pdbqt,O=C1NC=C(C2CCCCC2)c3nccn13,2R3R_A_01,2R3R,2R3R_A,R7B,2R3R_A_R7B,1,0
247,docking_poses/receptor/CDK2_fastH_pdbqt/1GIH_A_01.pdbqt,O=C1NC=C(C2CCCCC2)c3nccn13,1GIH_A_01,1GIH,1GIH_A,R7B,1GIH_A_R7B,1,0
248,docking_poses/receptor/CDK2_fastH_pdbqt/2BHE_A_01.pdbqt,O=C1NC=C(C2CCCCC2)c3nccn13,2BHE_A_01,2BHE,2BHE_A,R7B,2BHE_A_R7B,1,0
249,docking_poses/receptor/CDK2_fastH_pdbqt/4FKI_A_01.pdbqt,O=C1NC=C(C2CCCCC2)c3nccn13,4FKI_A_01,4FKI,4FKI_A,R7B,4FKI_A_R7B,1,0
250,docking_poses/receptor/CDK2_fastH_pdbqt/1GIJ_A_01.pdbqt,O=C1NC=C(C2CCCCC2)c3nccn13,1GIJ_A_01,1GIJ,1GIJ_A,R7B,1GIJ_A_R7B,1,0
251,docking_poses/receptor/CDK2_fastH_pdbqt/2VTR_A_01.pdbqt,O=C1NC=C(C2CCCCC2)c3nccn13,2VTR_A_01,2VTR,2VTR_A,R7B,2VTR_A_R7B,1,0
252,docking_poses/receptor/CDK2_fastH_pdbqt/7S7A_A_01.pdbqt,COc1ccnc2[nH]cc(c3ccnc(N)n3)c12,7S7A_A_01,7S7A,7S7A_A,MFR,7S7A_A_MFR,1,0
253,docking_poses/receptor/CDK2_fastH_pdbqt/8FOW_A_01.pdbqt,COc1ccnc2[nH]cc(c3ccnc(N)n3)c12,8FOW_A_01,8FOW,8FOW_A,MFR,8FOW_A_MFR,1,0
254,docking_poses/receptor/CDK2_fastH_pdbqt/7S9X_A_01.pdbqt,COc1ccnc2[nH]cc(c3ccnc(N)n3)c12,7S9X_A_01,7S9X,7S9X_A,MFR,7S9X_A_MFR,1,0
255,docking_poses/receptor/CDK2_fastH_pdbqt/7RXO_A_01.pdbqt,COc1ccnc2[nH]cc(c3ccnc(N)n3)c12,7RXO_A_01,7RXO,7RXO_A,MFR,7RXO_A_MFR,1,0
256,docking_poses/receptor/CDK2_fastH_pdbqt/7S84_A_01.pdbqt,COc1ccnc2[nH]cc(c3ccnc(N)n3)c12,7S84_A_01,7S84,7S84_A,MFR,7S84_A_MFR,1,0
257,docking_poses/receptor/CDK2_fastH_pdbqt/7S85_A_01.pdbqt,COc1ccnc2[nH]cc(c3ccnc(N)n3)c12,7S85_A_01,7S85,7S85_A,MFR,7S85_A_MFR,1,0
258,docking_poses/receptor/CDK2_fastH_pdbqt/7S4T_A_01.pdbqt,COc1ccnc2[nH]cc(c3ccnc(N)n3)c12,7S4T_A_01,7S4T,7S4T_A,MFR,7S4T_A_MFR,1,0
259,docking_poses/receptor/CDK2_fastH_pdbqt/8FP0_A_01.pdbqt,COc1ccnc2[nH]cc(c3ccnc(N)n3)c12,8FP0_A_01,8FP0,8FP0_A,MFR,8FP0_A_MFR,1,0
260,docking_poses/receptor/CDK2_fastH_pdbqt/7RWF_A.pdbqt,COc1ccnc2[nH]cc(c3ccnc(N)n3)c12,7RWF_A,7RWF,7RWF_A,MFR,7RWF_A_MFR,1,0
261,docking_poses/receptor/CDK2_fastH_pdbqt/3PXF_A.pdbqt,COc1ccnc2[nH]cc(c3ccnc(N)n3)c12,3PXF_A,3PXF,3PXF_A,MFR,3PXF_A_MFR,3,0
262,docking_poses/receptor/CDK2_fastH_pdbqt/3PXQ_A_01.pdbqt,COc1ccnc2[nH]cc(c3ccnc(N)n3)c12,3PXQ_A_01,3PXQ,3PXQ_A,MFR,3PXQ_A_MFR,3,0
263,docking_poses/receptor/CDK2_fastH_pdbqt/4EZ7_A.pdbqt,COc1ccnc2[nH]cc(c3ccnc(N)n3)c12,4EZ7_A,4EZ7,4EZ7_A,MFR,4EZ7_A_MFR,3,0
264,docking_poses/receptor/CDK2_fastH_pdbqt/1JST_A.pdbqt,COc1ccnc2[nH]cc(c3ccnc(N)n3)c12,1JST_A,1JST,1JST_A,MFR,1JST_A_MFR,2,0
265,docking_poses/receptor/CDK2_fastH_pdbqt/7ACK_C_01.pdbqt,COc1ccnc2[nH]cc(c3ccnc(N)n3)c12,7ACK_C_01,7ACK,7ACK_C,MFR,7ACK_C_MFR,2,0
266,docking_poses/receptor/CDK2_fastH_pdbqt/3BHT_A_01.pdbqt,COc1ccnc2[nH]cc(c3ccnc(N)n3)c12,3BHT_A_01,3BHT,3BHT_A,MFR,3BHT_A_MFR,2,0
267,docking_poses/receptor/CDK2_fastH_pdbqt/2C5V_C_01.pdbqt,COc1ccnc2[nH]cc(c3ccnc(N)n3)c12,2C5V_C_01,2C5V,2C5V_C,MFR,2C5V_C_MFR,2,0
268,docking_poses/receptor/CDK2_fastH_pdbqt/4BCM_C_01.pdbqt,COc1ccnc2[nH]cc(c3ccnc(N)n3)c12,4BCM_C_01,4BCM,4BCM_C,MFR,4BCM_C_MFR,2,0
269,docking_poses/receptor/CDK2_fastH_pdbqt/7KJS_A_01.pdbqt,COc1ccnc2[nH]cc(c3ccnc(N)n3)c12,7KJS_A_01,7KJS,7KJS_A,MFR,7KJS_A_MFR,2,0
270,docking_poses/receptor/CDK2_fastH_pdbqt/3BHU_A_01.pdbqt,COc1ccnc2[nH]cc(c3ccnc(N)n3)c12,3BHU_A_01,3BHU,3BHU_A,MFR,3BHU_A_MFR,2,0
271,docking_poses/receptor/CDK2_fastH_pdbqt/4CFW_C_01.pdbqt,COc1ccnc2[nH]cc(c3ccnc(N)n3)c12,4CFW_C_01,4CFW,4CFW_C,MFR,4CFW_C_MFR,2,0
272,docking_poses/receptor/CDK2_fastH_pdbqt/1B38_A_01.pdbqt,COc1ccnc2[nH]cc(c3ccnc(N)n3)c12,1B38_A_01,1B38,1B38_A,MFR,1B38_A_MFR,1,0
273,docking_poses/receptor/CDK2_fastH_pdbqt/4FKG_A_01.pdbqt,COc1ccnc2[nH]cc(c3ccnc(N)n3)c12,4FKG_A_01,4FKG,4FKG_A,MFR,4FKG_A_MFR,1,0
274,docking_poses/receptor/CDK2_fastH_pdbqt/2R3R_A_01.pdbqt,COc1ccnc2[nH]cc(c3ccnc(N)n3)c12,2R3R_A_01,2R3R,2R3R_A,MFR,2R3R_A_MFR,1,0
275,docking_poses/receptor/CDK2_fastH_pdbqt/1GIH_A_01.pdbqt,COc1ccnc2[nH]cc(c3ccnc(N)n3)c12,1GIH_A_01,1GIH,1GIH_A,MFR,1GIH_A_MFR,1,0
276,docking_poses/receptor/CDK2_fastH_pdbqt/2BHE_A_01.pdbqt,COc1ccnc2[nH]cc(c3ccnc(N)n3)c12,2BHE_A_01,2BHE,2BHE_A,MFR,2BHE_A_MFR,1,0
277,docking_poses/receptor/CDK2_fastH_pdbqt/4FKI_A_01.pdbqt,COc1ccnc2[nH]cc(c3ccnc(N)n3)c12,4FKI_A_01,4FKI,4FKI_A,MFR,4FKI_A_MFR,1,0
278,docking_poses/receptor/CDK2_fastH_pdbqt/1GIJ_A_01.pdbqt,COc1ccnc2[nH]cc(c3ccnc(N)n3)c12,1GIJ_A_01,1GIJ,1GIJ_A,MFR,1GIJ_A_MFR,1,0
279,docking_poses/receptor/CDK2_fastH_pdbqt/2VTR_A_01.pdbqt,COc1ccnc2[nH]cc(c3ccnc(N)n3)c12,2VTR_A_01,2VTR,2VTR_A,MFR,2VTR_A_MFR,1,0
280,docking_poses/receptor/CDK2_fastH_pdbqt/7S7A_A_01.pdbqt,Cc1sc(c(C)n1)c2ccnc(Nc3ccc(cc3)C(F)(F)F)n2,7S7A_A_01,7S7A,7S7A_A,CK4,7S7A_A_CK4,1,0
281,docking_poses/receptor/CDK2_fastH_pdbqt/8FOW_A_01.pdbqt,Cc1sc(c(C)n1)c2ccnc(Nc3ccc(cc3)C(F)(F)F)n2,8FOW_A_01,8FOW,8FOW_A,CK4,8FOW_A_CK4,1,0
282,docking_poses/receptor/CDK2_fastH_pdbqt/7S9X_A_01.pdbqt,Cc1sc(c(C)n1)c2ccnc(Nc3ccc(cc3)C(F)(F)F)n2,7S9X_A_01,7S9X,7S9X_A,CK4,7S9X_A_CK4,1,0
283,docking_poses/receptor/CDK2_fastH_pdbqt/7RXO_A_01.pdbqt,Cc1sc(c(C)n1)c2ccnc(Nc3ccc(cc3)C(F)(F)F)n2,7RXO_A_01,7RXO,7RXO_A,CK4,7RXO_A_CK4,1,0
284,docking_poses/receptor/CDK2_fastH_pdbqt/7S84_A_01.pdbqt,Cc1sc(c(C)n1)c2ccnc(Nc3ccc(cc3)C(F)(F)F)n2,7S84_A_01,7S84,7S84_A,CK4,7S84_A_CK4,1,0
285,docking_poses/receptor/CDK2_fastH_pdbqt/7S85_A_01.pdbqt,Cc1sc(c(C)n1)c2ccnc(Nc3ccc(cc3)C(F)(F)F)n2,7S85_A_01,7S85,7S85_A,CK4,7S85_A_CK4,1,0
286,docking_poses/receptor/CDK2_fastH_pdbqt/7S4T_A_01.pdbqt,Cc1sc(c(C)n1)c2ccnc(Nc3ccc(cc3)C(F)(F)F)n2,7S4T_A_01,7S4T,7S4T_A,CK4,7S4T_A_CK4,1,0
287,docking_poses/receptor/CDK2_fastH_pdbqt/8FP0_A_01.pdbqt,Cc1sc(c(C)n1)c2ccnc(Nc3ccc(cc3)C(F)(F)F)n2,8FP0_A_01,8FP0,8FP0_A,CK4,8FP0_A_CK4,1,0
288,docking_poses/receptor/CDK2_fastH_pdbqt/7RWF_A.pdbqt,Cc1sc(c(C)n1)c2ccnc(Nc3ccc(cc3)C(F)(F)F)n2,7RWF_A,7RWF,7RWF_A,CK4,7RWF_A_CK4,1,0
289,docking_poses/receptor/CDK2_fastH_pdbqt/3PXF_A.pdbqt,Cc1sc(c(C)n1)c2ccnc(Nc3ccc(cc3)C(F)(F)F)n2,3PXF_A,3PXF,3PXF_A,CK4,3PXF_A_CK4,3,0
290,docking_poses/receptor/CDK2_fastH_pdbqt/3PXQ_A_01.pdbqt,Cc1sc(c(C)n1)c2ccnc(Nc3ccc(cc3)C(F)(F)F)n2,3PXQ_A_01,3PXQ,3PXQ_A,CK4,3PXQ_A_CK4,3,0
291,docking_poses/receptor/CDK2_fastH_pdbqt/4EZ7_A.pdbqt,Cc1sc(c(C)n1)c2ccnc(Nc3ccc(cc3)C(F)(F)F)n2,4EZ7_A,4EZ7,4EZ7_A,CK4,4EZ7_A_CK4,3,0
292,docking_poses/receptor/CDK2_fastH_pdbqt/1JST_A.pdbqt,Cc1sc(c(C)n1)c2ccnc(Nc3ccc(cc3)C(F)(F)F)n2,1JST_A,1JST,1JST_A,CK4,1JST_A_CK4,2,0
293,docking_poses/receptor/CDK2_fastH_pdbqt/7ACK_C_01.pdbqt,Cc1sc(c(C)n1)c2ccnc(Nc3ccc(cc3)C(F)(F)F)n2,7ACK_C_01,7ACK,7ACK_C,CK4,7ACK_C_CK4,2,0
294,docking_poses/receptor/CDK2_fastH_pdbqt/3BHT_A_01.pdbqt,Cc1sc(c(C)n1)c2ccnc(Nc3ccc(cc3)C(F)(F)F)n2,3BHT_A_01,3BHT,3BHT_A,CK4,3BHT_A_CK4,2,0
295,docking_poses/receptor/CDK2_fastH_pdbqt/2C5V_C_01.pdbqt,Cc1sc(c(C)n1)c2ccnc(Nc3ccc(cc3)C(F)(F)F)n2,2C5V_C_01,2C5V,2C5V_C,CK4,2C5V_C_CK4,2,0
296,docking_poses/receptor/CDK2_fastH_pdbqt/4BCM_C_01.pdbqt,Cc1sc(c(C)n1)c2ccnc(Nc3ccc(cc3)C(F)(F)F)n2,4BCM_C_01,4BCM,4BCM_C,CK4,4BCM_C_CK4,2,0
297,docking_poses/receptor/CDK2_fastH_pdbqt/7KJS_A_01.pdbqt,Cc1sc(c(C)n1)c2ccnc(Nc3ccc(cc3)C(F)(F)F)n2,7KJS_A_01,7KJS,7KJS_A,CK4,7KJS_A_CK4,2,0
298,docking_poses/receptor/CDK2_fastH_pdbqt/3BHU_A_01.pdbqt,Cc1sc(c(C)n1)c2ccnc(Nc3ccc(cc3)C(F)(F)F)n2,3BHU_A_01,3BHU,3BHU_A,CK4,3BHU_A_CK4,2,0
299,docking_poses/receptor/CDK2_fastH_pdbqt/4CFW_C_01.pdbqt,Cc1sc(c(C)n1)c2ccnc(Nc3ccc(cc3)C(F)(F)F)n2,4CFW_C_01,4CFW,4CFW_C,CK4,4CFW_C_CK4,2,0
300,docking_poses/receptor/CDK2_fastH_pdbqt/1B38_A_01.pdbqt,Cc1sc(c(C)n1)c2ccnc(Nc3ccc(cc3)C(F)(F)F)n2,1B38_A_01,1B38,1B38_A,CK4,1B38_A_CK4,1,0
301,docking_poses/receptor/CDK2_fastH_pdbqt/4FKG_A_01.pdbqt,Cc1sc(c(C)n1)c2ccnc(Nc3ccc(cc3)C(F)(F)F)n2,4FKG_A_01,4FKG,4FKG_A,CK4,4FKG_A_CK4,1,0
302,docking_poses/receptor/CDK2_fastH_pdbqt/2R3R_A_01.pdbqt,Cc1sc(c(C)n1)c2ccnc(Nc3ccc(cc3)C(F)(F)F)n2,2R3R_A_01,2R3R,2R3R_A,CK4,2R3R_A_CK4,1,0
303,docking_poses/receptor/CDK2_fastH_pdbqt/1GIH_A_01.pdbqt,Cc1sc(c(C)n1)c2ccnc(Nc3ccc(cc3)C(F)(F)F)n2,1GIH_A_01,1GIH,1GIH_A,CK4,1GIH_A_CK4,1,0
304,docking_poses/receptor/CDK2_fastH_pdbqt/2BHE_A_01.pdbqt,Cc1sc(c(C)n1)c2ccnc(Nc3ccc(cc3)C(F)(F)F)n2,2BHE_A_01,2BHE,2BHE_A,CK4,2BHE_A_CK4,1,0
305,docking_poses/receptor/CDK2_fastH_pdbqt/4FKI_A_01.pdbqt,Cc1sc(c(C)n1)c2ccnc(Nc3ccc(cc3)C(F)(F)F)n2,4FKI_A_01,4FKI,4FKI_A,CK4,4FKI_A_CK4,1,0
306,docking_poses/receptor/CDK2_fastH_pdbqt/1GIJ_A_01.pdbqt,Cc1sc(c(C)n1)c2ccnc(Nc3ccc(cc3)C(F)(F)F)n2,1GIJ_A_01,1GIJ,1GIJ_A,CK4,1GIJ_A_CK4,1,0
307,docking_poses/receptor/CDK2_fastH_pdbqt/2VTR_A_01.pdbqt,Cc1sc(c(C)n1)c2ccnc(Nc3ccc(cc3)C(F)(F)F)n2,2VTR_A_01,2VTR,2VTR_A,CK4,2VTR_A_CK4,1,0
308,docking_poses/receptor/CDK2_fastH_pdbqt/7S7A_A_01.pdbqt,CN=C1NC(=C(S1)c2nc(Nc3ccc(C)c(c3)[S](=O)(=O)N4CCOCC4)ncc2C#N)C,7S7A_A_01,7S7A,7S7A_A,T7Z,7S7A_A_T7Z,1,0
309,docking_poses/receptor/CDK2_fastH_pdbqt/8FOW_A_01.pdbqt,CN=C1NC(=C(S1)c2nc(Nc3ccc(C)c(c3)[S](=O)(=O)N4CCOCC4)ncc2C#N)C,8FOW_A_01,8FOW,8FOW_A,T7Z,8FOW_A_T7Z,1,0
310,docking_poses/receptor/CDK2_fastH_pdbqt/7S9X_A_01.pdbqt,CN=C1NC(=C(S1)c2nc(Nc3ccc(C)c(c3)[S](=O)(=O)N4CCOCC4)ncc2C#N)C,7S9X_A_01,7S9X,7S9X_A,T7Z,7S9X_A_T7Z,1,0
311,docking_poses/receptor/CDK2_fastH_pdbqt/7RXO_A_01.pdbqt,CN=C1NC(=C(S1)c2nc(Nc3ccc(C)c(c3)[S](=O)(=O)N4CCOCC4)ncc2C#N)C,7RXO_A_01,7RXO,7RXO_A,T7Z,7RXO_A_T7Z,1,0
312,docking_poses/receptor/CDK2_fastH_pdbqt/7S84_A_01.pdbqt,CN=C1NC(=C(S1)c2nc(Nc3ccc(C)c(c3)[S](=O)(=O)N4CCOCC4)ncc2C#N)C,7S84_A_01,7S84,7S84_A,T7Z,7S84_A_T7Z,1,0
313,docking_poses/receptor/CDK2_fastH_pdbqt/7S85_A_01.pdbqt,CN=C1NC(=C(S1)c2nc(Nc3ccc(C)c(c3)[S](=O)(=O)N4CCOCC4)ncc2C#N)C,7S85_A_01,7S85,7S85_A,T7Z,7S85_A_T7Z,1,0
314,docking_poses/receptor/CDK2_fastH_pdbqt/7S4T_A_01.pdbqt,CN=C1NC(=C(S1)c2nc(Nc3ccc(C)c(c3)[S](=O)(=O)N4CCOCC4)ncc2C#N)C,7S4T_A_01,7S4T,7S4T_A,T7Z,7S4T_A_T7Z,1,0
315,docking_poses/receptor/CDK2_fastH_pdbqt/8FP0_A_01.pdbqt,CN=C1NC(=C(S1)c2nc(Nc3ccc(C)c(c3)[S](=O)(=O)N4CCOCC4)ncc2C#N)C,8FP0_A_01,8FP0,8FP0_A,T7Z,8FP0_A_T7Z,1,0
316,docking_poses/receptor/CDK2_fastH_pdbqt/7RWF_A.pdbqt,CN=C1NC(=C(S1)c2nc(Nc3ccc(C)c(c3)[S](=O)(=O)N4CCOCC4)ncc2C#N)C,7RWF_A,7RWF,7RWF_A,T7Z,7RWF_A_T7Z,1,0
317,docking_poses/receptor/CDK2_fastH_pdbqt/3PXF_A.pdbqt,CN=C1NC(=C(S1)c2nc(Nc3ccc(C)c(c3)[S](=O)(=O)N4CCOCC4)ncc2C#N)C,3PXF_A,3PXF,3PXF_A,T7Z,3PXF_A_T7Z,3,0
318,docking_poses/receptor/CDK2_fastH_pdbqt/3PXQ_A_01.pdbqt,CN=C1NC(=C(S1)c2nc(Nc3ccc(C)c(c3)[S](=O)(=O)N4CCOCC4)ncc2C#N)C,3PXQ_A_01,3PXQ,3PXQ_A,T7Z,3PXQ_A_T7Z,3,0
319,docking_poses/receptor/CDK2_fastH_pdbqt/4EZ7_A.pdbqt,CN=C1NC(=C(S1)c2nc(Nc3ccc(C)c(c3)[S](=O)(=O)N4CCOCC4)ncc2C#N)C,4EZ7_A,4EZ7,4EZ7_A,T7Z,4EZ7_A_T7Z,3,0
320,docking_poses/receptor/CDK2_fastH_pdbqt/1JST_A.pdbqt,CN=C1NC(=C(S1)c2nc(Nc3ccc(C)c(c3)[S](=O)(=O)N4CCOCC4)ncc2C#N)C,1JST_A,1JST,1JST_A,T7Z,1JST_A_T7Z,2,0
321,docking_poses/receptor/CDK2_fastH_pdbqt/7ACK_C_01.pdbqt,CN=C1NC(=C(S1)c2nc(Nc3ccc(C)c(c3)[S](=O)(=O)N4CCOCC4)ncc2C#N)C,7ACK_C_01,7ACK,7ACK_C,T7Z,7ACK_C_T7Z,2,0
322,docking_poses/receptor/CDK2_fastH_pdbqt/3BHT_A_01.pdbqt,CN=C1NC(=C(S1)c2nc(Nc3ccc(C)c(c3)[S](=O)(=O)N4CCOCC4)ncc2C#N)C,3BHT_A_01,3BHT,3BHT_A,T7Z,3BHT_A_T7Z,2,0
323,docking_poses/receptor/CDK2_fastH_pdbqt/2C5V_C_01.pdbqt,CN=C1NC(=C(S1)c2nc(Nc3ccc(C)c(c3)[S](=O)(=O)N4CCOCC4)ncc2C#N)C,2C5V_C_01,2C5V,2C5V_C,T7Z,2C5V_C_T7Z,2,0
324,docking_poses/receptor/CDK2_fastH_pdbqt/4BCM_C_01.pdbqt,CN=C1NC(=C(S1)c2nc(Nc3ccc(C)c(c3)[S](=O)(=O)N4CCOCC4)ncc2C#N)C,4BCM_C_01,4BCM,4BCM_C,T7Z,4BCM_C_T7Z,2,0
325,docking_poses/receptor/CDK2_fastH_pdbqt/7KJS_A_01.pdbqt,CN=C1NC(=C(S1)c2nc(Nc3ccc(C)c(c3)[S](=O)(=O)N4CCOCC4)ncc2C#N)C,7KJS_A_01,7KJS,7KJS_A,T7Z,7KJS_A_T7Z,2,0
326,docking_poses/receptor/CDK2_fastH_pdbqt/3BHU_A_01.pdbqt,CN=C1NC(=C(S1)c2nc(Nc3ccc(C)c(c3)[S](=O)(=O)N4CCOCC4)ncc2C#N)C,3BHU_A_01,3BHU,3BHU_A,T7Z,3BHU_A_T7Z,2,0
327,docking_poses/receptor/CDK2_fastH_pdbqt/4CFW_C_01.pdbqt,CN=C1NC(=C(S1)c2nc(Nc3ccc(C)c(c3)[S](=O)(=O)N4CCOCC4)ncc2C#N)C,4CFW_C_01,4CFW,4CFW_C,T7Z,4CFW_C_T7Z,2,0
328,docking_poses/receptor/CDK2_fastH_pdbqt/1B38_A_01.pdbqt,CN=C1NC(=C(S1)c2nc(Nc3ccc(C)c(c3)[S](=O)(=O)N4CCOCC4)ncc2C#N)C,1B38_A_01,1B38,1B38_A,T7Z,1B38_A_T7Z,1,0
329,docking_poses/receptor/CDK2_fastH_pdbqt/4FKG_A_01.pdbqt,CN=C1NC(=C(S1)c2nc(Nc3ccc(C)c(c3)[S](=O)(=O)N4CCOCC4)ncc2C#N)C,4FKG_A_01,4FKG,4FKG_A,T7Z,4FKG_A_T7Z,1,0
330,docking_poses/receptor/CDK2_fastH_pdbqt/2R3R_A_01.pdbqt,CN=C1NC(=C(S1)c2nc(Nc3ccc(C)c(c3)[S](=O)(=O)N4CCOCC4)ncc2C#N)C,2R3R_A_01,2R3R,2R3R_A,T7Z,2R3R_A_T7Z,1,0
331,docking_poses/receptor/CDK2_fastH_pdbqt/1GIH_A_01.pdbqt,CN=C1NC(=C(S1)c2nc(Nc3ccc(C)c(c3)[S](=O)(=O)N4CCOCC4)ncc2C#N)C,1GIH_A_01,1GIH,1GIH_A,T7Z,1GIH_A_T7Z,1,0
332,docking_poses/receptor/CDK2_fastH_pdbqt/2BHE_A_01.pdbqt,CN=C1NC(=C(S1)c2nc(Nc3ccc(C)c(c3)[S](=O)(=O)N4CCOCC4)ncc2C#N)C,2BHE_A_01,2BHE,2BHE_A,T7Z,2BHE_A_T7Z,1,0
333,docking_poses/receptor/CDK2_fastH_pdbqt/4FKI_A_01.pdbqt,CN=C1NC(=C(S1)c2nc(Nc3ccc(C)c(c3)[S](=O)(=O)N4CCOCC4)ncc2C#N)C,4FKI_A_01,4FKI,4FKI_A,T7Z,4FKI_A_T7Z,1,0
334,docking_poses/receptor/CDK2_fastH_pdbqt/1GIJ_A_01.pdbqt,CN=C1NC(=C(S1)c2nc(Nc3ccc(C)c(c3)[S](=O)(=O)N4CCOCC4)ncc2C#N)C,1GIJ_A_01,1GIJ,1GIJ_A,T7Z,1GIJ_A_T7Z,1,0
335,docking_poses/receptor/CDK2_fastH_pdbqt/2VTR_A_01.pdbqt,CN=C1NC(=C(S1)c2nc(Nc3ccc(C)c(c3)[S](=O)(=O)N4CCOCC4)ncc2C#N)C,2VTR_A_01,2VTR,2VTR_A,T7Z,2VTR_A_T7Z,1,0
336,docking_poses/receptor/CDK2_fastH_pdbqt/7S7A_A_01.pdbqt,C[C@@]1(O)CCC[C@H]1N2C(=O)C(=Cc3cnc(NC4CCN(CC4)[S](C)(=O)=O)nc23)C(F)F,7S7A_A_01,7S7A,7S7A_A,WG1,7S7A_A_WG1,1,0
337,docking_poses/receptor/CDK2_fastH_pdbqt/8FOW_A_01.pdbqt,C[C@@]1(O)CCC[C@H]1N2C(=O)C(=Cc3cnc(NC4CCN(CC4)[S](C)(=O)=O)nc23)C(F)F,8FOW_A_01,8FOW,8FOW_A,WG1,8FOW_A_WG1,1,0
338,docking_poses/receptor/CDK2_fastH_pdbqt/7S9X_A_01.pdbqt,C[C@@]1(O)CCC[C@H]1N2C(=O)C(=Cc3cnc(NC4CCN(CC4)[S](C)(=O)=O)nc23)C(F)F,7S9X_A_01,7S9X,7S9X_A,WG1,7S9X_A_WG1,1,0
339,docking_poses/receptor/CDK2_fastH_pdbqt/7RXO_A_01.pdbqt,C[C@@]1(O)CCC[C@H]1N2C(=O)C(=Cc3cnc(NC4CCN(CC4)[S](C)(=O)=O)nc23)C(F)F,7RXO_A_01,7RXO,7RXO_A,WG1,7RXO_A_WG1,1,0
340,docking_poses/receptor/CDK2_fastH_pdbqt/7S84_A_01.pdbqt,C[C@@]1(O)CCC[C@H]1N2C(=O)C(=Cc3cnc(NC4CCN(CC4)[S](C)(=O)=O)nc23)C(F)F,7S84_A_01,7S84,7S84_A,WG1,7S84_A_WG1,1,0
341,docking_poses/receptor/CDK2_fastH_pdbqt/7S85_A_01.pdbqt,C[C@@]1(O)CCC[C@H]1N2C(=O)C(=Cc3cnc(NC4CCN(CC4)[S](C)(=O)=O)nc23)C(F)F,7S85_A_01,7S85,7S85_A,WG1,7S85_A_WG1,1,0
342,docking_poses/receptor/CDK2_fastH_pdbqt/7S4T_A_01.pdbqt,C[C@@]1(O)CCC[C@H]1N2C(=O)C(=Cc3cnc(NC4CCN(CC4)[S](C)(=O)=O)nc23)C(F)F,7S4T_A_01,7S4T,7S4T_A,WG1,7S4T_A_WG1,1,0
343,docking_poses/receptor/CDK2_fastH_pdbqt/8FP0_A_01.pdbqt,C[C@@]1(O)CCC[C@H]1N2C(=O)C(=Cc3cnc(NC4CCN(CC4)[S](C)(=O)=O)nc23)C(F)F,8FP0_A_01,8FP0,8FP0_A,WG1,8FP0_A_WG1,1,0
344,docking_poses/receptor/CDK2_fastH_pdbqt/7RWF_A.pdbqt,C[C@@]1(O)CCC[C@H]1N2C(=O)C(=Cc3cnc(NC4CCN(CC4)[S](C)(=O)=O)nc23)C(F)F,7RWF_A,7RWF,7RWF_A,WG1,7RWF_A_WG1,1,0
345,docking_poses/receptor/CDK2_fastH_pdbqt/3PXF_A.pdbqt,C[C@@]1(O)CCC[C@H]1N2C(=O)C(=Cc3cnc(NC4CCN(CC4)[S](C)(=O)=O)nc23)C(F)F,3PXF_A,3PXF,3PXF_A,WG1,3PXF_A_WG1,3,0
346,docking_poses/receptor/CDK2_fastH_pdbqt/3PXQ_A_01.pdbqt,C[C@@]1(O)CCC[C@H]1N2C(=O)C(=Cc3cnc(NC4CCN(CC4)[S](C)(=O)=O)nc23)C(F)F,3PXQ_A_01,3PXQ,3PXQ_A,WG1,3PXQ_A_WG1,3,0
347,docking_poses/receptor/CDK2_fastH_pdbqt/4EZ7_A.pdbqt,C[C@@]1(O)CCC[C@H]1N2C(=O)C(=Cc3cnc(NC4CCN(CC4)[S](C)(=O)=O)nc23)C(F)F,4EZ7_A,4EZ7,4EZ7_A,WG1,4EZ7_A_WG1,3,0
348,docking_poses/receptor/CDK2_fastH_pdbqt/1JST_A.pdbqt,C[C@@]1(O)CCC[C@H]1N2C(=O)C(=Cc3cnc(NC4CCN(CC4)[S](C)(=O)=O)nc23)C(F)F,1JST_A,1JST,1JST_A,WG1,1JST_A_WG1,2,0
349,docking_poses/receptor/CDK2_fastH_pdbqt/7ACK_C_01.pdbqt,C[C@@]1(O)CCC[C@H]1N2C(=O)C(=Cc3cnc(NC4CCN(CC4)[S](C)(=O)=O)nc23)C(F)F,7ACK_C_01,7ACK,7ACK_C,WG1,7ACK_C_WG1,2,0
350,docking_poses/receptor/CDK2_fastH_pdbqt/3BHT_A_01.pdbqt,C[C@@]1(O)CCC[C@H]1N2C(=O)C(=Cc3cnc(NC4CCN(CC4)[S](C)(=O)=O)nc23)C(F)F,3BHT_A_01,3BHT,3BHT_A,WG1,3BHT_A_WG1,2,0
351,docking_poses/receptor/CDK2_fastH_pdbqt/2C5V_C_01.pdbqt,C[C@@]1(O)CCC[C@H]1N2C(=O)C(=Cc3cnc(NC4CCN(CC4)[S](C)(=O)=O)nc23)C(F)F,2C5V_C_01,2C5V,2C5V_C,WG1,2C5V_C_WG1,2,0
352,docking_poses/receptor/CDK2_fastH_pdbqt/4BCM_C_01.pdbqt,C[C@@]1(O)CCC[C@H]1N2C(=O)C(=Cc3cnc(NC4CCN(CC4)[S](C)(=O)=O)nc23)C(F)F,4BCM_C_01,4BCM,4BCM_C,WG1,4BCM_C_WG1,2,0
353,docking_poses/receptor/CDK2_fastH_pdbqt/7KJS_A_01.pdbqt,C[C@@]1(O)CCC[C@H]1N2C(=O)C(=Cc3cnc(NC4CCN(CC4)[S](C)(=O)=O)nc23)C(F)F,7KJS_A_01,7KJS,7KJS_A,WG1,7KJS_A_WG1,2,0
354,docking_poses/receptor/CDK2_fastH_pdbqt/3BHU_A_01.pdbqt,C[C@@]1(O)CCC[C@H]1N2C(=O)C(=Cc3cnc(NC4CCN(CC4)[S](C)(=O)=O)nc23)C(F)F,3BHU_A_01,3BHU,3BHU_A,WG1,3BHU_A_WG1,2,0
355,docking_poses/receptor/CDK2_fastH_pdbqt/4CFW_C_01.pdbqt,C[C@@]1(O)CCC[C@H]1N2C(=O)C(=Cc3cnc(NC4CCN(CC4)[S](C)(=O)=O)nc23)C(F)F,4CFW_C_01,4CFW,4CFW_C,WG1,4CFW_C_WG1,2,0
356,docking_poses/receptor/CDK2_fastH_pdbqt/1B38_A_01.pdbqt,C[C@@]1(O)CCC[C@H]1N2C(=O)C(=Cc3cnc(NC4CCN(CC4)[S](C)(=O)=O)nc23)C(F)F,1B38_A_01,1B38,1B38_A,WG1,1B38_A_WG1,1,0
357,docking_poses/receptor/CDK2_fastH_pdbqt/4FKG_A_01.pdbqt,C[C@@]1(O)CCC[C@H]1N2C(=O)C(=Cc3cnc(NC4CCN(CC4)[S](C)(=O)=O)nc23)C(F)F,4FKG_A_01,4FKG,4FKG_A,WG1,4FKG_A_WG1,1,0
358,docking_poses/receptor/CDK2_fastH_pdbqt/2R3R_A_01.pdbqt,C[C@@]1(O)CCC[C@H]1N2C(=O)C(=Cc3cnc(NC4CCN(CC4)[S](C)(=O)=O)nc23)C(F)F,2R3R_A_01,2R3R,2R3R_A,WG1,2R3R_A_WG1,1,0
359,docking_poses/receptor/CDK2_fastH_pdbqt/1GIH_A_01.pdbqt,C[C@@]1(O)CCC[C@H]1N2C(=O)C(=Cc3cnc(NC4CCN(CC4)[S](C)(=O)=O)nc23)C(F)F,1GIH_A_01,1GIH,1GIH_A,WG1,1GIH_A_WG1,1,0
360,docking_poses/receptor/CDK2_fastH_pdbqt/2BHE_A_01.pdbqt,C[C@@]1(O)CCC[C@H]1N2C(=O)C(=Cc3cnc(NC4CCN(CC4)[S](C)(=O)=O)nc23)C(F)F,2BHE_A_01,2BHE,2BHE_A,WG1,2BHE_A_WG1,1,0
361,docking_poses/receptor/CDK2_fastH_pdbqt/4FKI_A_01.pdbqt,C[C@@]1(O)CCC[C@H]1N2C(=O)C(=Cc3cnc(NC4CCN(CC4)[S](C)(=O)=O)nc23)C(F)F,4FKI_A_01,4FKI,4FKI_A,WG1,4FKI_A_WG1,1,0
362,docking_poses/receptor/CDK2_fastH_pdbqt/1GIJ_A_01.pdbqt,C[C@@]1(O)CCC[C@H]1N2C(=O)C(=Cc3cnc(NC4CCN(CC4)[S](C)(=O)=O)nc23)C(F)F,1GIJ_A_01,1GIJ,1GIJ_A,WG1,1GIJ_A_WG1,1,0
363,docking_poses/receptor/CDK2_fastH_pdbqt/2VTR_A_01.pdbqt,C[C@@]1(O)CCC[C@H]1N2C(=O)C(=Cc3cnc(NC4CCN(CC4)[S](C)(=O)=O)nc23)C(F)F,2VTR_A_01,2VTR,2VTR_A,WG1,2VTR_A_WG1,1,0
364,docking_poses/receptor/CDK2_fastH_pdbqt/7S7A_A_01.pdbqt,CCCOc1ccnc2[nH]cc(c3ccnc(N)n3)c12,7S7A_A_01,7S7A,7S7A_A,MHR,7S7A_A_MHR,1,0
365,docking_poses/receptor/CDK2_fastH_pdbqt/8FOW_A_01.pdbqt,CCCOc1ccnc2[nH]cc(c3ccnc(N)n3)c12,8FOW_A_01,8FOW,8FOW_A,MHR,8FOW_A_MHR,1,0
366,docking_poses/receptor/CDK2_fastH_pdbqt/7S9X_A_01.pdbqt,CCCOc1ccnc2[nH]cc(c3ccnc(N)n3)c12,7S9X_A_01,7S9X,7S9X_A,MHR,7S9X_A_MHR,1,0
367,docking_poses/receptor/CDK2_fastH_pdbqt/7RXO_A_01.pdbqt,CCCOc1ccnc2[nH]cc(c3ccnc(N)n3)c12,7RXO_A_01,7RXO,7RXO_A,MHR,7RXO_A_MHR,1,0
368,docking_poses/receptor/CDK2_fastH_pdbqt/7S84_A_01.pdbqt,CCCOc1ccnc2[nH]cc(c3ccnc(N)n3)c12,7S84_A_01,7S84,7S84_A,MHR,7S84_A_MHR,1,0
369,docking_poses/receptor/CDK2_fastH_pdbqt/7S85_A_01.pdbqt,CCCOc1ccnc2[nH]cc(c3ccnc(N)n3)c12,7S85_A_01,7S85,7S85_A,MHR,7S85_A_MHR,1,0
370,docking_poses/receptor/CDK2_fastH_pdbqt/7S4T_A_01.pdbqt,CCCOc1ccnc2[nH]cc(c3ccnc(N)n3)c12,7S4T_A_01,7S4T,7S4T_A,MHR,7S4T_A_MHR,1,0
371,docking_poses/receptor/CDK2_fastH_pdbqt/8FP0_A_01.pdbqt,CCCOc1ccnc2[nH]cc(c3ccnc(N)n3)c12,8FP0_A_01,8FP0,8FP0_A,MHR,8FP0_A_MHR,1,0
372,docking_poses/receptor/CDK2_fastH_pdbqt/7RWF_A.pdbqt,CCCOc1ccnc2[nH]cc(c3ccnc(N)n3)c12,7RWF_A,7RWF,7RWF_A,MHR,7RWF_A_MHR,1,0
373,docking_poses/receptor/CDK2_fastH_pdbqt/3PXF_A.pdbqt,CCCOc1ccnc2[nH]cc(c3ccnc(N)n3)c12,3PXF_A,3PXF,3PXF_A,MHR,3PXF_A_MHR,3,0
374,docking_poses/receptor/CDK2_fastH_pdbqt/3PXQ_A_01.pdbqt,CCCOc1ccnc2[nH]cc(c3ccnc(N)n3)c12,3PXQ_A_01,3PXQ,3PXQ_A,MHR,3PXQ_A_MHR,3,0
375,docking_poses/receptor/CDK2_fastH_pdbqt/4EZ7_A.pdbqt,CCCOc1ccnc2[nH]cc(c3ccnc(N)n3)c12,4EZ7_A,4EZ7,4EZ7_A,MHR,4EZ7_A_MHR,3,0
376,docking_poses/receptor/CDK2_fastH_pdbqt/1JST_A.pdbqt,CCCOc1ccnc2[nH]cc(c3ccnc(N)n3)c12,1JST_A,1JST,1JST_A,MHR,1JST_A_MHR,2,0
377,docking_poses/receptor/CDK2_fastH_pdbqt/7ACK_C_01.pdbqt,CCCOc1ccnc2[nH]cc(c3ccnc(N)n3)c12,7ACK_C_01,7ACK,7ACK_C,MHR,7ACK_C_MHR,2,0
378,docking_poses/receptor/CDK2_fastH_pdbqt/3BHT_A_01.pdbqt,CCCOc1ccnc2[nH]cc(c3ccnc(N)n3)c12,3BHT_A_01,3BHT,3BHT_A,MHR,3BHT_A_MHR,2,0
379,docking_poses/receptor/CDK2_fastH_pdbqt/2C5V_C_01.pdbqt,CCCOc1ccnc2[nH]cc(c3ccnc(N)n3)c12,2C5V_C_01,2C5V,2C5V_C,MHR,2C5V_C_MHR,2,0
380,docking_poses/receptor/CDK2_fastH_pdbqt/4BCM_C_01.pdbqt,CCCOc1ccnc2[nH]cc(c3ccnc(N)n3)c12,4BCM_C_01,4BCM,4BCM_C,MHR,4BCM_C_MHR,2,0
381,docking_poses/receptor/CDK2_fastH_pdbqt/7KJS_A_01.pdbqt,CCCOc1ccnc2[nH]cc(c3ccnc(N)n3)c12,7KJS_A_01,7KJS,7KJS_A,MHR,7KJS_A_MHR,2,0
382,docking_poses/receptor/CDK2_fastH_pdbqt/3BHU_A_01.pdbqt,CCCOc1ccnc2[nH]cc(c3ccnc(N)n3)c12,3BHU_A_01,3BHU,3BHU_A,MHR,3BHU_A_MHR,2,0
383,docking_poses/receptor/CDK2_fastH_pdbqt/4CFW_C_01.pdbqt,CCCOc1ccnc2[nH]cc(c3ccnc(N)n3)c12,4CFW_C_01,4CFW,4CFW_C,MHR,4CFW_C_MHR,2,0
384,docking_poses/receptor/CDK2_fastH_pdbqt/1B38_A_01.pdbqt,CCCOc1ccnc2[nH]cc(c3ccnc(N)n3)c12,1B38_A_01,1B38,1B38_A,MHR,1B38_A_MHR,1,0
385,docking_poses/receptor/CDK2_fastH_pdbqt/4FKG_A_01.pdbqt,CCCOc1ccnc2[nH]cc(c3ccnc(N)n3)c12,4FKG_A_01,4FKG,4FKG_A,MHR,4FKG_A_MHR,1,0
386,docking_poses/receptor/CDK2_fastH_pdbqt/2R3R_A_01.pdbqt,CCCOc1ccnc2[nH]cc(c3ccnc(N)n3)c12,2R3R_A_01,2R3R,2R3R_A,MHR,2R3R_A_MHR,1,0
387,docking_poses/receptor/CDK2_fastH_pdbqt/1GIH_A_01.pdbqt,CCCOc1ccnc2[nH]cc(c3ccnc(N)n3)c12,1GIH_A_01,1GIH,1GIH_A,MHR,1GIH_A_MHR,1,0
388,docking_poses/receptor/CDK2_fastH_pdbqt/2BHE_A_01.pdbqt,CCCOc1ccnc2[nH]cc(c3ccnc(N)n3)c12,2BHE_A_01,2BHE,2BHE_A,MHR,2BHE_A_MHR,1,0
389,docking_poses/receptor/CDK2_fastH_pdbqt/4FKI_A_01.pdbqt,CCCOc1ccnc2[nH]cc(c3ccnc(N)n3)c12,4FKI_A_01,4FKI,4FKI_A,MHR,4FKI_A_MHR,1,0
390,docking_poses/receptor/CDK2_fastH_pdbqt/1GIJ_A_01.pdbqt,CCCOc1ccnc2[nH]cc(c3ccnc(N)n3)c12,1GIJ_A_01,1GIJ,1GIJ_A,MHR,1GIJ_A_MHR,1,0
391,docking_poses/receptor/CDK2_fastH_pdbqt/2VTR_A_01.pdbqt,CCCOc1ccnc2[nH]cc(c3ccnc(N)n3)c12,2VTR_A_01,2VTR,2VTR_A,MHR,2VTR_A_MHR,1,0
392,docking_poses/receptor/CDK2_fastH_pdbqt/7S7A_A_01.pdbqt,Cc1c(cccc1[S](N)(=O)=O)c2[nH]c3c(OCC4CCCCC4)nc(N)nc3n2,7S7A_A_01,7S7A,7S7A_A,SQ9,7S7A_A_SQ9,1,0
393,docking_poses/receptor/CDK2_fastH_pdbqt/8FOW_A_01.pdbqt,Cc1c(cccc1[S](N)(=O)=O)c2[nH]c3c(OCC4CCCCC4)nc(N)nc3n2,8FOW_A_01,8FOW,8FOW_A,SQ9,8FOW_A_SQ9,1,0
394,docking_poses/receptor/CDK2_fastH_pdbqt/7S9X_A_01.pdbqt,Cc1c(cccc1[S](N)(=O)=O)c2[nH]c3c(OCC4CCCCC4)nc(N)nc3n2,7S9X_A_01,7S9X,7S9X_A,SQ9,7S9X_A_SQ9,1,0
395,docking_poses/receptor/CDK2_fastH_pdbqt/7RXO_A_01.pdbqt,Cc1c(cccc1[S](N)(=O)=O)c2[nH]c3c(OCC4CCCCC4)nc(N)nc3n2,7RXO_A_01,7RXO,7RXO_A,SQ9,7RXO_A_SQ9,1,0
396,docking_poses/receptor/CDK2_fastH_pdbqt/7S84_A_01.pdbqt,Cc1c(cccc1[S](N)(=O)=O)c2[nH]c3c(OCC4CCCCC4)nc(N)nc3n2,7S84_A_01,7S84,7S84_A,SQ9,7S84_A_SQ9,1,0
397,docking_poses/receptor/CDK2_fastH_pdbqt/7S85_A_01.pdbqt,Cc1c(cccc1[S](N)(=O)=O)c2[nH]c3c(OCC4CCCCC4)nc(N)nc3n2,7S85_A_01,7S85,7S85_A,SQ9,7S85_A_SQ9,1,0
398,docking_poses/receptor/CDK2_fastH_pdbqt/7S4T_A_01.pdbqt,Cc1c(cccc1[S](N)(=O)=O)c2[nH]c3c(OCC4CCCCC4)nc(N)nc3n2,7S4T_A_01,7S4T,7S4T_A,SQ9,7S4T_A_SQ9,1,0
399,docking_poses/receptor/CDK2_fastH_pdbqt/8FP0_A_01.pdbqt,Cc1c(cccc1[S](N)(=O)=O)c2[nH]c3c(OCC4CCCCC4)nc(N)nc3n2,8FP0_A_01,8FP0,8FP0_A,SQ9,8FP0_A_SQ9,1,0
400,docking_poses/receptor/CDK2_fastH_pdbqt/7RWF_A.pdbqt,Cc1c(cccc1[S](N)(=O)=O)c2[nH]c3c(OCC4CCCCC4)nc(N)nc3n2,7RWF_A,7RWF,7RWF_A,SQ9,7RWF_A_SQ9,1,0
401,docking_poses/receptor/CDK2_fastH_pdbqt/3PXF_A.pdbqt,Cc1c(cccc1[S](N)(=O)=O)c2[nH]c3c(OCC4CCCCC4)nc(N)nc3n2,3PXF_A,3PXF,3PXF_A,SQ9,3PXF_A_SQ9,3,0
402,docking_poses/receptor/CDK2_fastH_pdbqt/3PXQ_A_01.pdbqt,Cc1c(cccc1[S](N)(=O)=O)c2[nH]c3c(OCC4CCCCC4)nc(N)nc3n2,3PXQ_A_01,3PXQ,3PXQ_A,SQ9,3PXQ_A_SQ9,3,0
403,docking_poses/receptor/CDK2_fastH_pdbqt/4EZ7_A.pdbqt,Cc1c(cccc1[S](N)(=O)=O)c2[nH]c3c(OCC4CCCCC4)nc(N)nc3n2,4EZ7_A,4EZ7,4EZ7_A,SQ9,4EZ7_A_SQ9,3,0
404,docking_poses/receptor/CDK2_fastH_pdbqt/1JST_A.pdbqt,Cc1c(cccc1[S](N)(=O)=O)c2[nH]c3c(OCC4CCCCC4)nc(N)nc3n2,1JST_A,1JST,1JST_A,SQ9,1JST_A_SQ9,2,0
405,docking_poses/receptor/CDK2_fastH_pdbqt/7ACK_C_01.pdbqt,Cc1c(cccc1[S](N)(=O)=O)c2[nH]c3c(OCC4CCCCC4)nc(N)nc3n2,7ACK_C_01,7ACK,7ACK_C,SQ9,7ACK_C_SQ9,2,0
406,docking_poses/receptor/CDK2_fastH_pdbqt/3BHT_A_01.pdbqt,Cc1c(cccc1[S](N)(=O)=O)c2[nH]c3c(OCC4CCCCC4)nc(N)nc3n2,3BHT_A_01,3BHT,3BHT_A,SQ9,3BHT_A_SQ9,2,0
407,docking_poses/receptor/CDK2_fastH_pdbqt/2C5V_C_01.pdbqt,Cc1c(cccc1[S](N)(=O)=O)c2[nH]c3c(OCC4CCCCC4)nc(N)nc3n2,2C5V_C_01,2C5V,2C5V_C,SQ9,2C5V_C_SQ9,2,0
408,docking_poses/receptor/CDK2_fastH_pdbqt/4BCM_C_01.pdbqt,Cc1c(cccc1[S](N)(=O)=O)c2[nH]c3c(OCC4CCCCC4)nc(N)nc3n2,4BCM_C_01,4BCM,4BCM_C,SQ9,4BCM_C_SQ9,2,0
409,docking_poses/receptor/CDK2_fastH_pdbqt/7KJS_A_01.pdbqt,Cc1c(cccc1[S](N)(=O)=O)c2[nH]c3c(OCC4CCCCC4)nc(N)nc3n2,7KJS_A_01,7KJS,7KJS_A,SQ9,7KJS_A_SQ9,2,0
410,docking_poses/receptor/CDK2_fastH_pdbqt/3BHU_A_01.pdbqt,Cc1c(cccc1[S](N)(=O)=O)c2[nH]c3c(OCC4CCCCC4)nc(N)nc3n2,3BHU_A_01,3BHU,3BHU_A,SQ9,3BHU_A_SQ9,2,0
411,docking_poses/receptor/CDK2_fastH_pdbqt/4CFW_C_01.pdbqt,Cc1c(cccc1[S](N)(=O)=O)c2[nH]c3c(OCC4CCCCC4)nc(N)nc3n2,4CFW_C_01,4CFW,4CFW_C,SQ9,4CFW_C_SQ9,2,0
412,docking_poses/receptor/CDK2_fastH_pdbqt/1B38_A_01.pdbqt,Cc1c(cccc1[S](N)(=O)=O)c2[nH]c3c(OCC4CCCCC4)nc(N)nc3n2,1B38_A_01,1B38,1B38_A,SQ9,1B38_A_SQ9,1,0
413,docking_poses/receptor/CDK2_fastH_pdbqt/4FKG_A_01.pdbqt,Cc1c(cccc1[S](N)(=O)=O)c2[nH]c3c(OCC4CCCCC4)nc(N)nc3n2,4FKG_A_01,4FKG,4FKG_A,SQ9,4FKG_A_SQ9,1,0
414,docking_poses/receptor/CDK2_fastH_pdbqt/2R3R_A_01.pdbqt,Cc1c(cccc1[S](N)(=O)=O)c2[nH]c3c(OCC4CCCCC4)nc(N)nc3n2,2R3R_A_01,2R3R,2R3R_A,SQ9,2R3R_A_SQ9,1,0
415,docking_poses/receptor/CDK2_fastH_pdbqt/1GIH_A_01.pdbqt,Cc1c(cccc1[S](N)(=O)=O)c2[nH]c3c(OCC4CCCCC4)nc(N)nc3n2,1GIH_A_01,1GIH,1GIH_A,SQ9,1GIH_A_SQ9,1,0
416,docking_poses/receptor/CDK2_fastH_pdbqt/2BHE_A_01.pdbqt,Cc1c(cccc1[S](N)(=O)=O)c2[nH]c3c(OCC4CCCCC4)nc(N)nc3n2,2BHE_A_01,2BHE,2BHE_A,SQ9,2BHE_A_SQ9,1,0
417,docking_poses/receptor/CDK2_fastH_pdbqt/4FKI_A_01.pdbqt,Cc1c(cccc1[S](N)(=O)=O)c2[nH]c3c(OCC4CCCCC4)nc(N)nc3n2,4FKI_A_01,4FKI,4FKI_A,SQ9,4FKI_A_SQ9,1,0
418,docking_poses/receptor/CDK2_fastH_pdbqt/1GIJ_A_01.pdbqt,Cc1c(cccc1[S](N)(=O)=O)c2[nH]c3c(OCC4CCCCC4)nc(N)nc3n2,1GIJ_A_01,1GIJ,1GIJ_A,SQ9,1GIJ_A_SQ9,1,0
419,docking_poses/receptor/CDK2_fastH_pdbqt/2VTR_A_01.pdbqt,Cc1c(cccc1[S](N)(=O)=O)c2[nH]c3c(OCC4CCCCC4)nc(N)nc3n2,2VTR_A_01,2VTR,2VTR_A,SQ9,2VTR_A_SQ9,1,0
420,docking_poses/receptor/CDK2_fastH_pdbqt/7S7A_A_01.pdbqt,OC(=O)c1ccc(cc1)C(=O)Nc2cc([nH]n2)C3CC3,7S7A_A_01,7S7A,7S7A_A,4CK,7S7A_A_4CK,1,0
421,docking_poses/receptor/CDK2_fastH_pdbqt/8FOW_A_01.pdbqt,OC(=O)c1ccc(cc1)C(=O)Nc2cc([nH]n2)C3CC3,8FOW_A_01,8FOW,8FOW_A,4CK,8FOW_A_4CK,1,0
422,docking_poses/receptor/CDK2_fastH_pdbqt/7S9X_A_01.pdbqt,OC(=O)c1ccc(cc1)C(=O)Nc2cc([nH]n2)C3CC3,7S9X_A_01,7S9X,7S9X_A,4CK,7S9X_A_4CK,1,0
423,docking_poses/receptor/CDK2_fastH_pdbqt/7RXO_A_01.pdbqt,OC(=O)c1ccc(cc1)C(=O)Nc2cc([nH]n2)C3CC3,7RXO_A_01,7RXO,7RXO_A,4CK,7RXO_A_4CK,1,0
424,docking_poses/receptor/CDK2_fastH_pdbqt/7S84_A_01.pdbqt,OC(=O)c1ccc(cc1)C(=O)Nc2cc([nH]n2)C3CC3,7S84_A_01,7S84,7S84_A,4CK,7S84_A_4CK,1,0
425,docking_poses/receptor/CDK2_fastH_pdbqt/7S85_A_01.pdbqt,OC(=O)c1ccc(cc1)C(=O)Nc2cc([nH]n2)C3CC3,7S85_A_01,7S85,7S85_A,4CK,7S85_A_4CK,1,0
426,docking_poses/receptor/CDK2_fastH_pdbqt/7S4T_A_01.pdbqt,OC(=O)c1ccc(cc1)C(=O)Nc2cc([nH]n2)C3CC3,7S4T_A_01,7S4T,7S4T_A,4CK,7S4T_A_4CK,1,0
427,docking_poses/receptor/CDK2_fastH_pdbqt/8FP0_A_01.pdbqt,OC(=O)c1ccc(cc1)C(=O)Nc2cc([nH]n2)C3CC3,8FP0_A_01,8FP0,8FP0_A,4CK,8FP0_A_4CK,1,0
428,docking_poses/receptor/CDK2_fastH_pdbqt/7RWF_A.pdbqt,OC(=O)c1ccc(cc1)C(=O)Nc2cc([nH]n2)C3CC3,7RWF_A,7RWF,7RWF_A,4CK,7RWF_A_4CK,1,0
429,docking_poses/receptor/CDK2_fastH_pdbqt/3PXF_A.pdbqt,OC(=O)c1ccc(cc1)C(=O)Nc2cc([nH]n2)C3CC3,3PXF_A,3PXF,3PXF_A,4CK,3PXF_A_4CK,3,0
430,docking_poses/receptor/CDK2_fastH_pdbqt/3PXQ_A_01.pdbqt,OC(=O)c1ccc(cc1)C(=O)Nc2cc([nH]n2)C3CC3,3PXQ_A_01,3PXQ,3PXQ_A,4CK,3PXQ_A_4CK,3,0
431,docking_poses/receptor/CDK2_fastH_pdbqt/4EZ7_A.pdbqt,OC(=O)c1ccc(cc1)C(=O)Nc2cc([nH]n2)C3CC3,4EZ7_A,4EZ7,4EZ7_A,4CK,4EZ7_A_4CK,3,0
432,docking_poses/receptor/CDK2_fastH_pdbqt/1JST_A.pdbqt,OC(=O)c1ccc(cc1)C(=O)Nc2cc([nH]n2)C3CC3,1JST_A,1JST,1JST_A,4CK,1JST_A_4CK,2,0
433,docking_poses/receptor/CDK2_fastH_pdbqt/7ACK_C_01.pdbqt,OC(=O)c1ccc(cc1)C(=O)Nc2cc([nH]n2)C3CC3,7ACK_C_01,7ACK,7ACK_C,4CK,7ACK_C_4CK,2,0
434,docking_poses/receptor/CDK2_fastH_pdbqt/3BHT_A_01.pdbqt,OC(=O)c1ccc(cc1)C(=O)Nc2cc([nH]n2)C3CC3,3BHT_A_01,3BHT,3BHT_A,4CK,3BHT_A_4CK,2,0
435,docking_poses/receptor/CDK2_fastH_pdbqt/2C5V_C_01.pdbqt,OC(=O)c1ccc(cc1)C(=O)Nc2cc([nH]n2)C3CC3,2C5V_C_01,2C5V,2C5V_C,4CK,2C5V_C_4CK,2,0
436,docking_poses/receptor/CDK2_fastH_pdbqt/4BCM_C_01.pdbqt,OC(=O)c1ccc(cc1)C(=O)Nc2cc([nH]n2)C3CC3,4BCM_C_01,4BCM,4BCM_C,4CK,4BCM_C_4CK,2,0
437,docking_poses/receptor/CDK2_fastH_pdbqt/7KJS_A_01.pdbqt,OC(=O)c1ccc(cc1)C(=O)Nc2cc([nH]n2)C3CC3,7KJS_A_01,7KJS,7KJS_A,4CK,7KJS_A_4CK,2,0
438,docking_poses/receptor/CDK2_fastH_pdbqt/3BHU_A_01.pdbqt,OC(=O)c1ccc(cc1)C(=O)Nc2cc([nH]n2)C3CC3,3BHU_A_01,3BHU,3BHU_A,4CK,3BHU_A_4CK,2,0
439,docking_poses/receptor/CDK2_fastH_pdbqt/4CFW_C_01.pdbqt,OC(=O)c1ccc(cc1)C(=O)Nc2cc([nH]n2)C3CC3,4CFW_C_01,4CFW,4CFW_C,4CK,4CFW_C_4CK,2,0
440,docking_poses/receptor/CDK2_fastH_pdbqt/1B38_A_01.pdbqt,OC(=O)c1ccc(cc1)C(=O)Nc2cc([nH]n2)C3CC3,1B38_A_01,1B38,1B38_A,4CK,1B38_A_4CK,1,0
441,docking_poses/receptor/CDK2_fastH_pdbqt/4FKG_A_01.pdbqt,OC(=O)c1ccc(cc1)C(=O)Nc2cc([nH]n2)C3CC3,4FKG_A_01,4FKG,4FKG_A,4CK,4FKG_A_4CK,1,0
442,docking_poses/receptor/CDK2_fastH_pdbqt/2R3R_A_01.pdbqt,OC(=O)c1ccc(cc1)C(=O)Nc2cc([nH]n2)C3CC3,2R3R_A_01,2R3R,2R3R_A,4CK,2R3R_A_4CK,1,0
443,docking_poses/receptor/CDK2_fastH_pdbqt/1GIH_A_01.pdbqt,OC(=O)c1ccc(cc1)C(=O)Nc2cc([nH]n2)C3CC3,1GIH_A_01,1GIH,1GIH_A,4CK,1GIH_A_4CK,1,0
444,docking_poses/receptor/CDK2_fastH_pdbqt/2BHE_A_01.pdbqt,OC(=O)c1ccc(cc1)C(=O)Nc2cc([nH]n2)C3CC3,2BHE_A_01,2BHE,2BHE_A,4CK,2BHE_A_4CK,1,0
445,docking_poses/receptor/CDK2_fastH_pdbqt/4FKI_A_01.pdbqt,OC(=O)c1ccc(cc1)C(=O)Nc2cc([nH]n2)C3CC3,4FKI_A_01,4FKI,4FKI_A,4CK,4FKI_A_4CK,1,0
446,docking_poses/receptor/CDK2_fastH_pdbqt/1GIJ_A_01.pdbqt,OC(=O)c1ccc(cc1)C(=O)Nc2cc([nH]n2)C3CC3,1GIJ_A_01,1GIJ,1GIJ_A,4CK,1GIJ_A_4CK,1,0
447,docking_poses/receptor/CDK2_fastH_pdbqt/2VTR_A_01.pdbqt,OC(=O)c1ccc(cc1)C(=O)Nc2cc([nH]n2)C3CC3,2VTR_A_01,2VTR,2VTR_A,4CK,2VTR_A_4CK,1,0
448,docking_poses/receptor/CDK2_fastH_pdbqt/7S7A_A_01.pdbqt,Brc1cnn2c(NCc3ccncc3)cc(nc12)c4ccccc4,7S7A_A_01,7S7A,7S7A_A,6SC,7S7A_A_6SC,1,0
449,docking_poses/receptor/CDK2_fastH_pdbqt/8FOW_A_01.pdbqt,Brc1cnn2c(NCc3ccncc3)cc(nc12)c4ccccc4,8FOW_A_01,8FOW,8FOW_A,6SC,8FOW_A_6SC,1,0
450,docking_poses/receptor/CDK2_fastH_pdbqt/7S9X_A_01.pdbqt,Brc1cnn2c(NCc3ccncc3)cc(nc12)c4ccccc4,7S9X_A_01,7S9X,7S9X_A,6SC,7S9X_A_6SC,1,0
451,docking_poses/receptor/CDK2_fastH_pdbqt/7RXO_A_01.pdbqt,Brc1cnn2c(NCc3ccncc3)cc(nc12)c4ccccc4,7RXO_A_01,7RXO,7RXO_A,6SC,7RXO_A_6SC,1,0
452,docking_poses/receptor/CDK2_fastH_pdbqt/7S84_A_01.pdbqt,Brc1cnn2c(NCc3ccncc3)cc(nc12)c4ccccc4,7S84_A_01,7S84,7S84_A,6SC,7S84_A_6SC,1,0
453,docking_poses/receptor/CDK2_fastH_pdbqt/7S85_A_01.pdbqt,Brc1cnn2c(NCc3ccncc3)cc(nc12)c4ccccc4,7S85_A_01,7S85,7S85_A,6SC,7S85_A_6SC,1,0
454,docking_poses/receptor/CDK2_fastH_pdbqt/7S4T_A_01.pdbqt,Brc1cnn2c(NCc3ccncc3)cc(nc12)c4ccccc4,7S4T_A_01,7S4T,7S4T_A,6SC,7S4T_A_6SC,1,0
455,docking_poses/receptor/CDK2_fastH_pdbqt/8FP0_A_01.pdbqt,Brc1cnn2c(NCc3ccncc3)cc(nc12)c4ccccc4,8FP0_A_01,8FP0,8FP0_A,6SC,8FP0_A_6SC,1,0
456,docking_poses/receptor/CDK2_fastH_pdbqt/7RWF_A.pdbqt,Brc1cnn2c(NCc3ccncc3)cc(nc12)c4ccccc4,7RWF_A,7RWF,7RWF_A,6SC,7RWF_A_6SC,1,0
457,docking_poses/receptor/CDK2_fastH_pdbqt/3PXF_A.pdbqt,Brc1cnn2c(NCc3ccncc3)cc(nc12)c4ccccc4,3PXF_A,3PXF,3PXF_A,6SC,3PXF_A_6SC,3,0
458,docking_poses/receptor/CDK2_fastH_pdbqt/3PXQ_A_01.pdbqt,Brc1cnn2c(NCc3ccncc3)cc(nc12)c4ccccc4,3PXQ_A_01,3PXQ,3PXQ_A,6SC,3PXQ_A_6SC,3,0
459,docking_poses/receptor/CDK2_fastH_pdbqt/4EZ7_A.pdbqt,Brc1cnn2c(NCc3ccncc3)cc(nc12)c4ccccc4,4EZ7_A,4EZ7,4EZ7_A,6SC,4EZ7_A_6SC,3,0
460,docking_poses/receptor/CDK2_fastH_pdbqt/1JST_A.pdbqt,Brc1cnn2c(NCc3ccncc3)cc(nc12)c4ccccc4,1JST_A,1JST,1JST_A,6SC,1JST_A_6SC,2,0
461,docking_poses/receptor/CDK2_fastH_pdbqt/7ACK_C_01.pdbqt,Brc1cnn2c(NCc3ccncc3)cc(nc12)c4ccccc4,7ACK_C_01,7ACK,7ACK_C,6SC,7ACK_C_6SC,2,0
462,docking_poses/receptor/CDK2_fastH_pdbqt/3BHT_A_01.pdbqt,Brc1cnn2c(NCc3ccncc3)cc(nc12)c4ccccc4,3BHT_A_01,3BHT,3BHT_A,6SC,3BHT_A_6SC,2,0
463,docking_poses/receptor/CDK2_fastH_pdbqt/2C5V_C_01.pdbqt,Brc1cnn2c(NCc3ccncc3)cc(nc12)c4ccccc4,2C5V_C_01,2C5V,2C5V_C,6SC,2C5V_C_6SC,2,0
464,docking_poses/receptor/CDK2_fastH_pdbqt/4BCM_C_01.pdbqt,Brc1cnn2c(NCc3ccncc3)cc(nc12)c4ccccc4,4BCM_C_01,4BCM,4BCM_C,6SC,4BCM_C_6SC,2,0
465,docking_poses/receptor/CDK2_fastH_pdbqt/7KJS_A_01.pdbqt,Brc1cnn2c(NCc3ccncc3)cc(nc12)c4ccccc4,7KJS_A_01,7KJS,7KJS_A,6SC,7KJS_A_6SC,2,0
466,docking_poses/receptor/CDK2_fastH_pdbqt/3BHU_A_01.pdbqt,Brc1cnn2c(NCc3ccncc3)cc(nc12)c4ccccc4,3BHU_A_01,3BHU,3BHU_A,6SC,3BHU_A_6SC,2,0
467,docking_poses/receptor/CDK2_fastH_pdbqt/4CFW_C_01.pdbqt,Brc1cnn2c(NCc3ccncc3)cc(nc12)c4ccccc4,4CFW_C_01,4CFW,4CFW_C,6SC,4CFW_C_6SC,2,0
468,docking_poses/receptor/CDK2_fastH_pdbqt/1B38_A_01.pdbqt,Brc1cnn2c(NCc3ccncc3)cc(nc12)c4ccccc4,1B38_A_01,1B38,1B38_A,6SC,1B38_A_6SC,1,0
469,docking_poses/receptor/CDK2_fastH_pdbqt/4FKG_A_01.pdbqt,Brc1cnn2c(NCc3ccncc3)cc(nc12)c4ccccc4,4FKG_A_01,4FKG,4FKG_A,6SC,4FKG_A_6SC,1,0
470,docking_poses/receptor/CDK2_fastH_pdbqt/2R3R_A_01.pdbqt,Brc1cnn2c(NCc3ccncc3)cc(nc12)c4ccccc4,2R3R_A_01,2R3R,2R3R_A,6SC,2R3R_A_6SC,1,0
471,docking_poses/receptor/CDK2_fastH_pdbqt/1GIH_A_01.pdbqt,Brc1cnn2c(NCc3ccncc3)cc(nc12)c4ccccc4,1GIH_A_01,1GIH,1GIH_A,6SC,1GIH_A_6SC,1,0
472,docking_poses/receptor/CDK2_fastH_pdbqt/2BHE_A_01.pdbqt,Brc1cnn2c(NCc3ccncc3)cc(nc12)c4ccccc4,2BHE_A_01,2BHE,2BHE_A,6SC,2BHE_A_6SC,1,0
473,docking_poses/receptor/CDK2_fastH_pdbqt/4FKI_A_01.pdbqt,Brc1cnn2c(NCc3ccncc3)cc(nc12)c4ccccc4,4FKI_A_01,4FKI,4FKI_A,6SC,4FKI_A_6SC,1,0
474,docking_poses/receptor/CDK2_fastH_pdbqt/1GIJ_A_01.pdbqt,Brc1cnn2c(NCc3ccncc3)cc(nc12)c4ccccc4,1GIJ_A_01,1GIJ,1GIJ_A,6SC,1GIJ_A_6SC,1,0
475,docking_poses/receptor/CDK2_fastH_pdbqt/2VTR_A_01.pdbqt,Brc1cnn2c(NCc3ccncc3)cc(nc12)c4ccccc4,2VTR_A_01,2VTR,2VTR_A,6SC,2VTR_A_6SC,1,0
476,docking_poses/receptor/CDK2_fastH_pdbqt/7S7A_A_01.pdbqt,O=C(Nc1ccccn1)Nc2cccc3C(=O)N4CCC[C@@H]4c23,7S7A_A_01,7S7A,7S7A_A,1PU,7S7A_A_1PU,1,0
477,docking_poses/receptor/CDK2_fastH_pdbqt/8FOW_A_01.pdbqt,O=C(Nc1ccccn1)Nc2cccc3C(=O)N4CCC[C@@H]4c23,8FOW_A_01,8FOW,8FOW_A,1PU,8FOW_A_1PU,1,0
478,docking_poses/receptor/CDK2_fastH_pdbqt/7S9X_A_01.pdbqt,O=C(Nc1ccccn1)Nc2cccc3C(=O)N4CCC[C@@H]4c23,7S9X_A_01,7S9X,7S9X_A,1PU,7S9X_A_1PU,1,0
479,docking_poses/receptor/CDK2_fastH_pdbqt/7RXO_A_01.pdbqt,O=C(Nc1ccccn1)Nc2cccc3C(=O)N4CCC[C@@H]4c23,7RXO_A_01,7RXO,7RXO_A,1PU,7RXO_A_1PU,1,0
480,docking_poses/receptor/CDK2_fastH_pdbqt/7S84_A_01.pdbqt,O=C(Nc1ccccn1)Nc2cccc3C(=O)N4CCC[C@@H]4c23,7S84_A_01,7S84,7S84_A,1PU,7S84_A_1PU,1,0
481,docking_poses/receptor/CDK2_fastH_pdbqt/7S85_A_01.pdbqt,O=C(Nc1ccccn1)Nc2cccc3C(=O)N4CCC[C@@H]4c23,7S85_A_01,7S85,7S85_A,1PU,7S85_A_1PU,1,0
482,docking_poses/receptor/CDK2_fastH_pdbqt/7S4T_A_01.pdbqt,O=C(Nc1ccccn1)Nc2cccc3C(=O)N4CCC[C@@H]4c23,7S4T_A_01,7S4T,7S4T_A,1PU,7S4T_A_1PU,1,0
483,docking_poses/receptor/CDK2_fastH_pdbqt/8FP0_A_01.pdbqt,O=C(Nc1ccccn1)Nc2cccc3C(=O)N4CCC[C@@H]4c23,8FP0_A_01,8FP0,8FP0_A,1PU,8FP0_A_1PU,1,0
484,docking_poses/receptor/CDK2_fastH_pdbqt/7RWF_A.pdbqt,O=C(Nc1ccccn1)Nc2cccc3C(=O)N4CCC[C@@H]4c23,7RWF_A,7RWF,7RWF_A,1PU,7RWF_A_1PU,1,0
485,docking_poses/receptor/CDK2_fastH_pdbqt/3PXF_A.pdbqt,O=C(Nc1ccccn1)Nc2cccc3C(=O)N4CCC[C@@H]4c23,3PXF_A,3PXF,3PXF_A,1PU,3PXF_A_1PU,3,0
486,docking_poses/receptor/CDK2_fastH_pdbqt/3PXQ_A_01.pdbqt,O=C(Nc1ccccn1)Nc2cccc3C(=O)N4CCC[C@@H]4c23,3PXQ_A_01,3PXQ,3PXQ_A,1PU,3PXQ_A_1PU,3,0
487,docking_poses/receptor/CDK2_fastH_pdbqt/4EZ7_A.pdbqt,O=C(Nc1ccccn1)Nc2cccc3C(=O)N4CCC[C@@H]4c23,4EZ7_A,4EZ7,4EZ7_A,1PU,4EZ7_A_1PU,3,0
488,docking_poses/receptor/CDK2_fastH_pdbqt/1JST_A.pdbqt,O=C(Nc1ccccn1)Nc2cccc3C(=O)N4CCC[C@@H]4c23,1JST_A,1JST,1JST_A,1PU,1JST_A_1PU,2,0
489,docking_poses/receptor/CDK2_fastH_pdbqt/7ACK_C_01.pdbqt,O=C(Nc1ccccn1)Nc2cccc3C(=O)N4CCC[C@@H]4c23,7ACK_C_01,7ACK,7ACK_C,1PU,7ACK_C_1PU,2,0
490,docking_poses/receptor/CDK2_fastH_pdbqt/3BHT_A_01.pdbqt,O=C(Nc1ccccn1)Nc2cccc3C(=O)N4CCC[C@@H]4c23,3BHT_A_01,3BHT,3BHT_A,1PU,3BHT_A_1PU,2,0
491,docking_poses/receptor/CDK2_fastH_pdbqt/2C5V_C_01.pdbqt,O=C(Nc1ccccn1)Nc2cccc3C(=O)N4CCC[C@@H]4c23,2C5V_C_01,2C5V,2C5V_C,1PU,2C5V_C_1PU,2,0
492,docking_poses/receptor/CDK2_fastH_pdbqt/4BCM_C_01.pdbqt,O=C(Nc1ccccn1)Nc2cccc3C(=O)N4CCC[C@@H]4c23,4BCM_C_01,4BCM,4BCM_C,1PU,4BCM_C_1PU,2,0
493,docking_poses/receptor/CDK2_fastH_pdbqt/7KJS_A_01.pdbqt,O=C(Nc1ccccn1)Nc2cccc3C(=O)N4CCC[C@@H]4c23,7KJS_A_01,7KJS,7KJS_A,1PU,7KJS_A_1PU,2,0
494,docking_poses/receptor/CDK2_fastH_pdbqt/3BHU_A_01.pdbqt,O=C(Nc1ccccn1)Nc2cccc3C(=O)N4CCC[C@@H]4c23,3BHU_A_01,3BHU,3BHU_A,1PU,3BHU_A_1PU,2,0
495,docking_poses/receptor/CDK2_fastH_pdbqt/4CFW_C_01.pdbqt,O=C(Nc1ccccn1)Nc2cccc3C(=O)N4CCC[C@@H]4c23,4CFW_C_01,4CFW,4CFW_C,1PU,4CFW_C_1PU,2,0
496,docking_poses/receptor/CDK2_fastH_pdbqt/1B38_A_01.pdbqt,O=C(Nc1ccccn1)Nc2cccc3C(=O)N4CCC[C@@H]4c23,1B38_A_01,1B38,1B38_A,1PU,1B38_A_1PU,1,0
497,docking_poses/receptor/CDK2_fastH_pdbqt/4FKG_A_01.pdbqt,O=C(Nc1ccccn1)Nc2cccc3C(=O)N4CCC[C@@H]4c23,4FKG_A_01,4FKG,4FKG_A,1PU,4FKG_A_1PU,1,0
498,docking_poses/receptor/CDK2_fastH_pdbqt/2R3R_A_01.pdbqt,O=C(Nc1ccccn1)Nc2cccc3C(=O)N4CCC[C@@H]4c23,2R3R_A_01,2R3R,2R3R_A,1PU,2R3R_A_1PU,1,0
499,docking_poses/receptor/CDK2_fastH_pdbqt/1GIH_A_01.pdbqt,O=C(Nc1ccccn1)Nc2cccc3C(=O)N4CCC[C@@H]4c23,1GIH_A_01,1GIH,1GIH_A,1PU,1GIH_A_1PU,1,0
500,docking_poses/receptor/CDK2_fastH_pdbqt/2BHE_A_01.pdbqt,O=C(Nc1ccccn1)Nc2cccc3C(=O)N4CCC[C@@H]4c23,2BHE_A_01,2BHE,2BHE_A,1PU,2BHE_A_1PU,1,0
501,docking_poses/receptor/CDK2_fastH_pdbqt/4FKI_A_01.pdbqt,O=C(Nc1ccccn1)Nc2cccc3C(=O)N4CCC[C@@H]4c23,4FKI_A_01,4FKI,4FKI_A,1PU,4FKI_A_1PU,1,0
502,docking_poses/receptor/CDK2_fastH_pdbqt/1GIJ_A_01.pdbqt,O=C(Nc1ccccn1)Nc2cccc3C(=O)N4CCC[C@@H]4c23,1GIJ_A_01,1GIJ,1GIJ_A,1PU,1GIJ_A_1PU,1,0
503,docking_poses/receptor/CDK2_fastH_pdbqt/2VTR_A_01.pdbqt,O=C(Nc1ccccn1)Nc2cccc3C(=O)N4CCC[C@@H]4c23,2VTR_A_01,2VTR,2VTR_A,1PU,2VTR_A_1PU,1,0
504,docking_poses/receptor/CDK2_fastH_pdbqt/7S7A_A_01.pdbqt,Brc1ccc2NC(=O)/C(=C/3Nc4ccccc4C/3=O)c2c1,7S7A_A_01,7S7A,7S7A_A,BRY,7S7A_A_BRY,1,0
505,docking_poses/receptor/CDK2_fastH_pdbqt/8FOW_A_01.pdbqt,Brc1ccc2NC(=O)/C(=C/3Nc4ccccc4C/3=O)c2c1,8FOW_A_01,8FOW,8FOW_A,BRY,8FOW_A_BRY,1,0
506,docking_poses/receptor/CDK2_fastH_pdbqt/7S9X_A_01.pdbqt,Brc1ccc2NC(=O)/C(=C/3Nc4ccccc4C/3=O)c2c1,7S9X_A_01,7S9X,7S9X_A,BRY,7S9X_A_BRY,1,0
507,docking_poses/receptor/CDK2_fastH_pdbqt/7RXO_A_01.pdbqt,Brc1ccc2NC(=O)/C(=C/3Nc4ccccc4C/3=O)c2c1,7RXO_A_01,7RXO,7RXO_A,BRY,7RXO_A_BRY,1,0
508,docking_poses/receptor/CDK2_fastH_pdbqt/7S84_A_01.pdbqt,Brc1ccc2NC(=O)/C(=C/3Nc4ccccc4C/3=O)c2c1,7S84_A_01,7S84,7S84_A,BRY,7S84_A_BRY,1,0
509,docking_poses/receptor/CDK2_fastH_pdbqt/7S85_A_01.pdbqt,Brc1ccc2NC(=O)/C(=C/3Nc4ccccc4C/3=O)c2c1,7S85_A_01,7S85,7S85_A,BRY,7S85_A_BRY,1,0
510,docking_poses/receptor/CDK2_fastH_pdbqt/7S4T_A_01.pdbqt,Brc1ccc2NC(=O)/C(=C/3Nc4ccccc4C/3=O)c2c1,7S4T_A_01,7S4T,7S4T_A,BRY,7S4T_A_BRY,1,0
511,docking_poses/receptor/CDK2_fastH_pdbqt/8FP0_A_01.pdbqt,Brc1ccc2NC(=O)/C(=C/3Nc4ccccc4C/3=O)c2c1,8FP0_A_01,8FP0,8FP0_A,BRY,8FP0_A_BRY,1,0
512,docking_poses/receptor/CDK2_fastH_pdbqt/7RWF_A.pdbqt,Brc1ccc2NC(=O)/C(=C/3Nc4ccccc4C/3=O)c2c1,7RWF_A,7RWF,7RWF_A,BRY,7RWF_A_BRY,1,0
513,docking_poses/receptor/CDK2_fastH_pdbqt/3PXF_A.pdbqt,Brc1ccc2NC(=O)/C(=C/3Nc4ccccc4C/3=O)c2c1,3PXF_A,3PXF,3PXF_A,BRY,3PXF_A_BRY,3,0
514,docking_poses/receptor/CDK2_fastH_pdbqt/3PXQ_A_01.pdbqt,Brc1ccc2NC(=O)/C(=C/3Nc4ccccc4C/3=O)c2c1,3PXQ_A_01,3PXQ,3PXQ_A,BRY,3PXQ_A_BRY,3,0
515,docking_poses/receptor/CDK2_fastH_pdbqt/4EZ7_A.pdbqt,Brc1ccc2NC(=O)/C(=C/3Nc4ccccc4C/3=O)c2c1,4EZ7_A,4EZ7,4EZ7_A,BRY,4EZ7_A_BRY,3,0
516,docking_poses/receptor/CDK2_fastH_pdbqt/1JST_A.pdbqt,Brc1ccc2NC(=O)/C(=C/3Nc4ccccc4C/3=O)c2c1,1JST_A,1JST,1JST_A,BRY,1JST_A_BRY,2,0
517,docking_poses/receptor/CDK2_fastH_pdbqt/7ACK_C_01.pdbqt,Brc1ccc2NC(=O)/C(=C/3Nc4ccccc4C/3=O)c2c1,7ACK_C_01,7ACK,7ACK_C,BRY,7ACK_C_BRY,2,0
518,docking_poses/receptor/CDK2_fastH_pdbqt/3BHT_A_01.pdbqt,Brc1ccc2NC(=O)/C(=C/3Nc4ccccc4C/3=O)c2c1,3BHT_A_01,3BHT,3BHT_A,BRY,3BHT_A_BRY,2,0
519,docking_poses/receptor/CDK2_fastH_pdbqt/2C5V_C_01.pdbqt,Brc1ccc2NC(=O)/C(=C/3Nc4ccccc4C/3=O)c2c1,2C5V_C_01,2C5V,2C5V_C,BRY,2C5V_C_BRY,2,0
520,docking_poses/receptor/CDK2_fastH_pdbqt/4BCM_C_01.pdbqt,Brc1ccc2NC(=O)/C(=C/3Nc4ccccc4C/3=O)c2c1,4BCM_C_01,4BCM,4BCM_C,BRY,4BCM_C_BRY,2,0
521,docking_poses/receptor/CDK2_fastH_pdbqt/7KJS_A_01.pdbqt,Brc1ccc2NC(=O)/C(=C/3Nc4ccccc4C/3=O)c2c1,7KJS_A_01,7KJS,7KJS_A,BRY,7KJS_A_BRY,2,0
522,docking_poses/receptor/CDK2_fastH_pdbqt/3BHU_A_01.pdbqt,Brc1ccc2NC(=O)/C(=C/3Nc4ccccc4C/3=O)c2c1,3BHU_A_01,3BHU,3BHU_A,BRY,3BHU_A_BRY,2,0
523,docking_poses/receptor/CDK2_fastH_pdbqt/4CFW_C_01.pdbqt,Brc1ccc2NC(=O)/C(=C/3Nc4ccccc4C/3=O)c2c1,4CFW_C_01,4CFW,4CFW_C,BRY,4CFW_C_BRY,2,0
524,docking_poses/receptor/CDK2_fastH_pdbqt/1B38_A_01.pdbqt,Brc1ccc2NC(=O)/C(=C/3Nc4ccccc4C/3=O)c2c1,1B38_A_01,1B38,1B38_A,BRY,1B38_A_BRY,1,0
525,docking_poses/receptor/CDK2_fastH_pdbqt/4FKG_A_01.pdbqt,Brc1ccc2NC(=O)/C(=C/3Nc4ccccc4C/3=O)c2c1,4FKG_A_01,4FKG,4FKG_A,BRY,4FKG_A_BRY,1,0
526,docking_poses/receptor/CDK2_fastH_pdbqt/2R3R_A_01.pdbqt,Brc1ccc2NC(=O)/C(=C/3Nc4ccccc4C/3=O)c2c1,2R3R_A_01,2R3R,2R3R_A,BRY,2R3R_A_BRY,1,0
527,docking_poses/receptor/CDK2_fastH_pdbqt/1GIH_A_01.pdbqt,Brc1ccc2NC(=O)/C(=C/3Nc4ccccc4C/3=O)c2c1,1GIH_A_01,1GIH,1GIH_A,BRY,1GIH_A_BRY,1,0
528,docking_poses/receptor/CDK2_fastH_pdbqt/2BHE_A_01.pdbqt,Brc1ccc2NC(=O)/C(=C/3Nc4ccccc4C/3=O)c2c1,2BHE_A_01,2BHE,2BHE_A,BRY,2BHE_A_BRY,1,0
529,docking_poses/receptor/CDK2_fastH_pdbqt/4FKI_A_01.pdbqt,Brc1ccc2NC(=O)/C(=C/3Nc4ccccc4C/3=O)c2c1,4FKI_A_01,4FKI,4FKI_A,BRY,4FKI_A_BRY,1,0
530,docking_poses/receptor/CDK2_fastH_pdbqt/1GIJ_A_01.pdbqt,Brc1ccc2NC(=O)/C(=C/3Nc4ccccc4C/3=O)c2c1,1GIJ_A_01,1GIJ,1GIJ_A,BRY,1GIJ_A_BRY,1,0
531,docking_poses/receptor/CDK2_fastH_pdbqt/2VTR_A_01.pdbqt,Brc1ccc2NC(=O)/C(=C/3Nc4ccccc4C/3=O)c2c1,2VTR_A_01,2VTR,2VTR_A,BRY,2VTR_A_BRY,1,0
532,docking_poses/receptor/CDK2_fastH_pdbqt/7S7A_A_01.pdbqt,FC(F)(F)Oc1ccc(CC(=O)Nc2[nH]nc(c2)C3CC3)cc1,7S7A_A_01,7S7A,7S7A_A,09K,7S7A_A_09K,1,0
533,docking_poses/receptor/CDK2_fastH_pdbqt/8FOW_A_01.pdbqt,FC(F)(F)Oc1ccc(CC(=O)Nc2[nH]nc(c2)C3CC3)cc1,8FOW_A_01,8FOW,8FOW_A,09K,8FOW_A_09K,1,0
534,docking_poses/receptor/CDK2_fastH_pdbqt/7S9X_A_01.pdbqt,FC(F)(F)Oc1ccc(CC(=O)Nc2[nH]nc(c2)C3CC3)cc1,7S9X_A_01,7S9X,7S9X_A,09K,7S9X_A_09K,1,0
535,docking_poses/receptor/CDK2_fastH_pdbqt/7RXO_A_01.pdbqt,FC(F)(F)Oc1ccc(CC(=O)Nc2[nH]nc(c2)C3CC3)cc1,7RXO_A_01,7RXO,7RXO_A,09K,7RXO_A_09K,1,0
536,docking_poses/receptor/CDK2_fastH_pdbqt/7S84_A_01.pdbqt,FC(F)(F)Oc1ccc(CC(=O)Nc2[nH]nc(c2)C3CC3)cc1,7S84_A_01,7S84,7S84_A,09K,7S84_A_09K,1,0
537,docking_poses/receptor/CDK2_fastH_pdbqt/7S85_A_01.pdbqt,FC(F)(F)Oc1ccc(CC(=O)Nc2[nH]nc(c2)C3CC3)cc1,7S85_A_01,7S85,7S85_A,09K,7S85_A_09K,1,0
538,docking_poses/receptor/CDK2_fastH_pdbqt/7S4T_A_01.pdbqt,FC(F)(F)Oc1ccc(CC(=O)Nc2[nH]nc(c2)C3CC3)cc1,7S4T_A_01,7S4T,7S4T_A,09K,7S4T_A_09K,1,0
539,docking_poses/receptor/CDK2_fastH_pdbqt/8FP0_A_01.pdbqt,FC(F)(F)Oc1ccc(CC(=O)Nc2[nH]nc(c2)C3CC3)cc1,8FP0_A_01,8FP0,8FP0_A,09K,8FP0_A_09K,1,0
540,docking_poses/receptor/CDK2_fastH_pdbqt/7RWF_A.pdbqt,FC(F)(F)Oc1ccc(CC(=O)Nc2[nH]nc(c2)C3CC3)cc1,7RWF_A,7RWF,7RWF_A,09K,7RWF_A_09K,1,0
541,docking_poses/receptor/CDK2_fastH_pdbqt/3PXF_A.pdbqt,FC(F)(F)Oc1ccc(CC(=O)Nc2[nH]nc(c2)C3CC3)cc1,3PXF_A,3PXF,3PXF_A,09K,3PXF_A_09K,3,0
542,docking_poses/receptor/CDK2_fastH_pdbqt/3PXQ_A_01.pdbqt,FC(F)(F)Oc1ccc(CC(=O)Nc2[nH]nc(c2)C3CC3)cc1,3PXQ_A_01,3PXQ,3PXQ_A,09K,3PXQ_A_09K,3,0
543,docking_poses/receptor/CDK2_fastH_pdbqt/4EZ7_A.pdbqt,FC(F)(F)Oc1ccc(CC(=O)Nc2[nH]nc(c2)C3CC3)cc1,4EZ7_A,4EZ7,4EZ7_A,09K,4EZ7_A_09K,3,0
544,docking_poses/receptor/CDK2_fastH_pdbqt/1JST_A.pdbqt,FC(F)(F)Oc1ccc(CC(=O)Nc2[nH]nc(c2)C3CC3)cc1,1JST_A,1JST,1JST_A,09K,1JST_A_09K,2,0
545,docking_poses/receptor/CDK2_fastH_pdbqt/7ACK_C_01.pdbqt,FC(F)(F)Oc1ccc(CC(=O)Nc2[nH]nc(c2)C3CC3)cc1,7ACK_C_01,7ACK,7ACK_C,09K,7ACK_C_09K,2,0
546,docking_poses/receptor/CDK2_fastH_pdbqt/3BHT_A_01.pdbqt,FC(F)(F)Oc1ccc(CC(=O)Nc2[nH]nc(c2)C3CC3)cc1,3BHT_A_01,3BHT,3BHT_A,09K,3BHT_A_09K,2,0
547,docking_poses/receptor/CDK2_fastH_pdbqt/2C5V_C_01.pdbqt,FC(F)(F)Oc1ccc(CC(=O)Nc2[nH]nc(c2)C3CC3)cc1,2C5V_C_01,2C5V,2C5V_C,09K,2C5V_C_09K,2,0
548,docking_poses/receptor/CDK2_fastH_pdbqt/4BCM_C_01.pdbqt,FC(F)(F)Oc1ccc(CC(=O)Nc2[nH]nc(c2)C3CC3)cc1,4BCM_C_01,4BCM,4BCM_C,09K,4BCM_C_09K,2,0
549,docking_poses/receptor/CDK2_fastH_pdbqt/7KJS_A_01.pdbqt,FC(F)(F)Oc1ccc(CC(=O)Nc2[nH]nc(c2)C3CC3)cc1,7KJS_A_01,7KJS,7KJS_A,09K,7KJS_A_09K,2,0
550,docking_poses/receptor/CDK2_fastH_pdbqt/3BHU_A_01.pdbqt,FC(F)(F)Oc1ccc(CC(=O)Nc2[nH]nc(c2)C3CC3)cc1,3BHU_A_01,3BHU,3BHU_A,09K,3BHU_A_09K,2,0
551,docking_poses/receptor/CDK2_fastH_pdbqt/4CFW_C_01.pdbqt,FC(F)(F)Oc1ccc(CC(=O)Nc2[nH]nc(c2)C3CC3)cc1,4CFW_C_01,4CFW,4CFW_C,09K,4CFW_C_09K,2,0
552,docking_poses/receptor/CDK2_fastH_pdbqt/1B38_A_01.pdbqt,FC(F)(F)Oc1ccc(CC(=O)Nc2[nH]nc(c2)C3CC3)cc1,1B38_A_01,1B38,1B38_A,09K,1B38_A_09K,1,0
553,docking_poses/receptor/CDK2_fastH_pdbqt/4FKG_A_01.pdbqt,FC(F)(F)Oc1ccc(CC(=O)Nc2[nH]nc(c2)C3CC3)cc1,4FKG_A_01,4FKG,4FKG_A,09K,4FKG_A_09K,1,0
554,docking_poses/receptor/CDK2_fastH_pdbqt/2R3R_A_01.pdbqt,FC(F)(F)Oc1ccc(CC(=O)Nc2[nH]nc(c2)C3CC3)cc1,2R3R_A_01,2R3R,2R3R_A,09K,2R3R_A_09K,1,0
555,docking_poses/receptor/CDK2_fastH_pdbqt/1GIH_A_01.pdbqt,FC(F)(F)Oc1ccc(CC(=O)Nc2[nH]nc(c2)C3CC3)cc1,1GIH_A_01,1GIH,1GIH_A,09K,1GIH_A_09K,1,0
556,docking_poses/receptor/CDK2_fastH_pdbqt/2BHE_A_01.pdbqt,FC(F)(F)Oc1ccc(CC(=O)Nc2[nH]nc(c2)C3CC3)cc1,2BHE_A_01,2BHE,2BHE_A,09K,2BHE_A_09K,1,0
557,docking_poses/receptor/CDK2_fastH_pdbqt/4FKI_A_01.pdbqt,FC(F)(F)Oc1ccc(CC(=O)Nc2[nH]nc(c2)C3CC3)cc1,4FKI_A_01,4FKI,4FKI_A,09K,4FKI_A_09K,1,0
558,docking_poses/receptor/CDK2_fastH_pdbqt/1GIJ_A_01.pdbqt,FC(F)(F)Oc1ccc(CC(=O)Nc2[nH]nc(c2)C3CC3)cc1,1GIJ_A_01,1GIJ,1GIJ_A,09K,1GIJ_A_09K,1,0
559,docking_poses/receptor/CDK2_fastH_pdbqt/2VTR_A_01.pdbqt,FC(F)(F)Oc1ccc(CC(=O)Nc2[nH]nc(c2)C3CC3)cc1,2VTR_A_01,2VTR,2VTR_A,09K,2VTR_A_09K,1,0
560,docking_poses/receptor/CDK2_fastH_pdbqt/7S7A_A_01.pdbqt,O=C(Nc1cc([nH]n1)[C@@H]2CCCN2)Nc3cccc4C(=O)N5CCC[C@H]5c34,7S7A_A_01,7S7A,7S7A_A,2PU,7S7A_A_2PU,1,0
561,docking_poses/receptor/CDK2_fastH_pdbqt/8FOW_A_01.pdbqt,O=C(Nc1cc([nH]n1)[C@@H]2CCCN2)Nc3cccc4C(=O)N5CCC[C@H]5c34,8FOW_A_01,8FOW,8FOW_A,2PU,8FOW_A_2PU,1,0
562,docking_poses/receptor/CDK2_fastH_pdbqt/7S9X_A_01.pdbqt,O=C(Nc1cc([nH]n1)[C@@H]2CCCN2)Nc3cccc4C(=O)N5CCC[C@H]5c34,7S9X_A_01,7S9X,7S9X_A,2PU,7S9X_A_2PU,1,0
563,docking_poses/receptor/CDK2_fastH_pdbqt/7RXO_A_01.pdbqt,O=C(Nc1cc([nH]n1)[C@@H]2CCCN2)Nc3cccc4C(=O)N5CCC[C@H]5c34,7RXO_A_01,7RXO,7RXO_A,2PU,7RXO_A_2PU,1,0
564,docking_poses/receptor/CDK2_fastH_pdbqt/7S84_A_01.pdbqt,O=C(Nc1cc([nH]n1)[C@@H]2CCCN2)Nc3cccc4C(=O)N5CCC[C@H]5c34,7S84_A_01,7S84,7S84_A,2PU,7S84_A_2PU,1,0
565,docking_poses/receptor/CDK2_fastH_pdbqt/7S85_A_01.pdbqt,O=C(Nc1cc([nH]n1)[C@@H]2CCCN2)Nc3cccc4C(=O)N5CCC[C@H]5c34,7S85_A_01,7S85,7S85_A,2PU,7S85_A_2PU,1,0
566,docking_poses/receptor/CDK2_fastH_pdbqt/7S4T_A_01.pdbqt,O=C(Nc1cc([nH]n1)[C@@H]2CCCN2)Nc3cccc4C(=O)N5CCC[C@H]5c34,7S4T_A_01,7S4T,7S4T_A,2PU,7S4T_A_2PU,1,0
567,docking_poses/receptor/CDK2_fastH_pdbqt/8FP0_A_01.pdbqt,O=C(Nc1cc([nH]n1)[C@@H]2CCCN2)Nc3cccc4C(=O)N5CCC[C@H]5c34,8FP0_A_01,8FP0,8FP0_A,2PU,8FP0_A_2PU,1,0
568,docking_poses/receptor/CDK2_fastH_pdbqt/7RWF_A.pdbqt,O=C(Nc1cc([nH]n1)[C@@H]2CCCN2)Nc3cccc4C(=O)N5CCC[C@H]5c34,7RWF_A,7RWF,7RWF_A,2PU,7RWF_A_2PU,1,0
569,docking_poses/receptor/CDK2_fastH_pdbqt/3PXF_A.pdbqt,O=C(Nc1cc([nH]n1)[C@@H]2CCCN2)Nc3cccc4C(=O)N5CCC[C@H]5c34,3PXF_A,3PXF,3PXF_A,2PU,3PXF_A_2PU,3,0
570,docking_poses/receptor/CDK2_fastH_pdbqt/3PXQ_A_01.pdbqt,O=C(Nc1cc([nH]n1)[C@@H]2CCCN2)Nc3cccc4C(=O)N5CCC[C@H]5c34,3PXQ_A_01,3PXQ,3PXQ_A,2PU,3PXQ_A_2PU,3,0
571,docking_poses/receptor/CDK2_fastH_pdbqt/4EZ7_A.pdbqt,O=C(Nc1cc([nH]n1)[C@@H]2CCCN2)Nc3cccc4C(=O)N5CCC[C@H]5c34,4EZ7_A,4EZ7,4EZ7_A,2PU,4EZ7_A_2PU,3,0
572,docking_poses/receptor/CDK2_fastH_pdbqt/1JST_A.pdbqt,O=C(Nc1cc([nH]n1)[C@@H]2CCCN2)Nc3cccc4C(=O)N5CCC[C@H]5c34,1JST_A,1JST,1JST_A,2PU,1JST_A_2PU,2,0
573,docking_poses/receptor/CDK2_fastH_pdbqt/7ACK_C_01.pdbqt,O=C(Nc1cc([nH]n1)[C@@H]2CCCN2)Nc3cccc4C(=O)N5CCC[C@H]5c34,7ACK_C_01,7ACK,7ACK_C,2PU,7ACK_C_2PU,2,0
574,docking_poses/receptor/CDK2_fastH_pdbqt/3BHT_A_01.pdbqt,O=C(Nc1cc([nH]n1)[C@@H]2CCCN2)Nc3cccc4C(=O)N5CCC[C@H]5c34,3BHT_A_01,3BHT,3BHT_A,2PU,3BHT_A_2PU,2,0
575,docking_poses/receptor/CDK2_fastH_pdbqt/2C5V_C_01.pdbqt,O=C(Nc1cc([nH]n1)[C@@H]2CCCN2)Nc3cccc4C(=O)N5CCC[C@H]5c34,2C5V_C_01,2C5V,2C5V_C,2PU,2C5V_C_2PU,2,0
576,docking_poses/receptor/CDK2_fastH_pdbqt/4BCM_C_01.pdbqt,O=C(Nc1cc([nH]n1)[C@@H]2CCCN2)Nc3cccc4C(=O)N5CCC[C@H]5c34,4BCM_C_01,4BCM,4BCM_C,2PU,4BCM_C_2PU,2,0
577,docking_poses/receptor/CDK2_fastH_pdbqt/7KJS_A_01.pdbqt,O=C(Nc1cc([nH]n1)[C@@H]2CCCN2)Nc3cccc4C(=O)N5CCC[C@H]5c34,7KJS_A_01,7KJS,7KJS_A,2PU,7KJS_A_2PU,2,0
578,docking_poses/receptor/CDK2_fastH_pdbqt/3BHU_A_01.pdbqt,O=C(Nc1cc([nH]n1)[C@@H]2CCCN2)Nc3cccc4C(=O)N5CCC[C@H]5c34,3BHU_A_01,3BHU,3BHU_A,2PU,3BHU_A_2PU,2,0
579,docking_poses/receptor/CDK2_fastH_pdbqt/4CFW_C_01.pdbqt,O=C(Nc1cc([nH]n1)[C@@H]2CCCN2)Nc3cccc4C(=O)N5CCC[C@H]5c34,4CFW_C_01,4CFW,4CFW_C,2PU,4CFW_C_2PU,2,0
580,docking_poses/receptor/CDK2_fastH_pdbqt/1B38_A_01.pdbqt,O=C(Nc1cc([nH]n1)[C@@H]2CCCN2)Nc3cccc4C(=O)N5CCC[C@H]5c34,1B38_A_01,1B38,1B38_A,2PU,1B38_A_2PU,1,0
581,docking_poses/receptor/CDK2_fastH_pdbqt/4FKG_A_01.pdbqt,O=C(Nc1cc([nH]n1)[C@@H]2CCCN2)Nc3cccc4C(=O)N5CCC[C@H]5c34,4FKG_A_01,4FKG,4FKG_A,2PU,4FKG_A_2PU,1,0
582,docking_poses/receptor/CDK2_fastH_pdbqt/2R3R_A_01.pdbqt,O=C(Nc1cc([nH]n1)[C@@H]2CCCN2)Nc3cccc4C(=O)N5CCC[C@H]5c34,2R3R_A_01,2R3R,2R3R_A,2PU,2R3R_A_2PU,1,0
583,docking_poses/receptor/CDK2_fastH_pdbqt/1GIH_A_01.pdbqt,O=C(Nc1cc([nH]n1)[C@@H]2CCCN2)Nc3cccc4C(=O)N5CCC[C@H]5c34,1GIH_A_01,1GIH,1GIH_A,2PU,1GIH_A_2PU,1,0
584,docking_poses/receptor/CDK2_fastH_pdbqt/2BHE_A_01.pdbqt,O=C(Nc1cc([nH]n1)[C@@H]2CCCN2)Nc3cccc4C(=O)N5CCC[C@H]5c34,2BHE_A_01,2BHE,2BHE_A,2PU,2BHE_A_2PU,1,0
585,docking_poses/receptor/CDK2_fastH_pdbqt/4FKI_A_01.pdbqt,O=C(Nc1cc([nH]n1)[C@@H]2CCCN2)Nc3cccc4C(=O)N5CCC[C@H]5c34,4FKI_A_01,4FKI,4FKI_A,2PU,4FKI_A_2PU,1,0
586,docking_poses/receptor/CDK2_fastH_pdbqt/1GIJ_A_01.pdbqt,O=C(Nc1cc([nH]n1)[C@@H]2CCCN2)Nc3cccc4C(=O)N5CCC[C@H]5c34,1GIJ_A_01,1GIJ,1GIJ_A,2PU,1GIJ_A_2PU,1,0
587,docking_poses/receptor/CDK2_fastH_pdbqt/2VTR_A_01.pdbqt,O=C(Nc1cc([nH]n1)[C@@H]2CCCN2)Nc3cccc4C(=O)N5CCC[C@H]5c34,2VTR_A_01,2VTR,2VTR_A,2PU,2VTR_A_2PU,1,0
588,docking_poses/receptor/CDK2_fastH_pdbqt/7S7A_A_01.pdbqt,CC(C)Nc1cc(Cl)nc2n1ncc2C#N,7S7A_A_01,7S7A,7S7A_A,LZB,7S7A_A_LZB,1,0
589,docking_poses/receptor/CDK2_fastH_pdbqt/8FOW_A_01.pdbqt,CC(C)Nc1cc(Cl)nc2n1ncc2C#N,8FOW_A_01,8FOW,8FOW_A,LZB,8FOW_A_LZB,1,0
590,docking_poses/receptor/CDK2_fastH_pdbqt/7S9X_A_01.pdbqt,CC(C)Nc1cc(Cl)nc2n1ncc2C#N,7S9X_A_01,7S9X,7S9X_A,LZB,7S9X_A_LZB,1,0
591,docking_poses/receptor/CDK2_fastH_pdbqt/7RXO_A_01.pdbqt,CC(C)Nc1cc(Cl)nc2n1ncc2C#N,7RXO_A_01,7RXO,7RXO_A,LZB,7RXO_A_LZB,1,0
592,docking_poses/receptor/CDK2_fastH_pdbqt/7S84_A_01.pdbqt,CC(C)Nc1cc(Cl)nc2n1ncc2C#N,7S84_A_01,7S84,7S84_A,LZB,7S84_A_LZB,1,0
593,docking_poses/receptor/CDK2_fastH_pdbqt/7S85_A_01.pdbqt,CC(C)Nc1cc(Cl)nc2n1ncc2C#N,7S85_A_01,7S85,7S85_A,LZB,7S85_A_LZB,1,0
594,docking_poses/receptor/CDK2_fastH_pdbqt/7S4T_A_01.pdbqt,CC(C)Nc1cc(Cl)nc2n1ncc2C#N,7S4T_A_01,7S4T,7S4T_A,LZB,7S4T_A_LZB,1,0
595,docking_poses/receptor/CDK2_fastH_pdbqt/8FP0_A_01.pdbqt,CC(C)Nc1cc(Cl)nc2n1ncc2C#N,8FP0_A_01,8FP0,8FP0_A,LZB,8FP0_A_LZB,1,0
596,docking_poses/receptor/CDK2_fastH_pdbqt/7RWF_A.pdbqt,CC(C)Nc1cc(Cl)nc2n1ncc2C#N,7RWF_A,7RWF,7RWF_A,LZB,7RWF_A_LZB,1,0
597,docking_poses/receptor/CDK2_fastH_pdbqt/3PXF_A.pdbqt,CC(C)Nc1cc(Cl)nc2n1ncc2C#N,3PXF_A,3PXF,3PXF_A,LZB,3PXF_A_LZB,3,0
598,docking_poses/receptor/CDK2_fastH_pdbqt/3PXQ_A_01.pdbqt,CC(C)Nc1cc(Cl)nc2n1ncc2C#N,3PXQ_A_01,3PXQ,3PXQ_A,LZB,3PXQ_A_LZB,3,0
599,docking_poses/receptor/CDK2_fastH_pdbqt/4EZ7_A.pdbqt,CC(C)Nc1cc(Cl)nc2n1ncc2C#N,4EZ7_A,4EZ7,4EZ7_A,LZB,4EZ7_A_LZB,3,0
600,docking_poses/receptor/CDK2_fastH_pdbqt/1JST_A.pdbqt,CC(C)Nc1cc(Cl)nc2n1ncc2C#N,1JST_A,1JST,1JST_A,LZB,1JST_A_LZB,2,0
601,docking_poses/receptor/CDK2_fastH_pdbqt/7ACK_C_01.pdbqt,CC(C)Nc1cc(Cl)nc2n1ncc2C#N,7ACK_C_01,7ACK,7ACK_C,LZB,7ACK_C_LZB,2,0
602,docking_poses/receptor/CDK2_fastH_pdbqt/3BHT_A_01.pdbqt,CC(C)Nc1cc(Cl)nc2n1ncc2C#N,3BHT_A_01,3BHT,3BHT_A,LZB,3BHT_A_LZB,2,0
603,docking_poses/receptor/CDK2_fastH_pdbqt/2C5V_C_01.pdbqt,CC(C)Nc1cc(Cl)nc2n1ncc2C#N,2C5V_C_01,2C5V,2C5V_C,LZB,2C5V_C_LZB,2,0
604,docking_poses/receptor/CDK2_fastH_pdbqt/4BCM_C_01.pdbqt,CC(C)Nc1cc(Cl)nc2n1ncc2C#N,4BCM_C_01,4BCM,4BCM_C,LZB,4BCM_C_LZB,2,0
605,docking_poses/receptor/CDK2_fastH_pdbqt/7KJS_A_01.pdbqt,CC(C)Nc1cc(Cl)nc2n1ncc2C#N,7KJS_A_01,7KJS,7KJS_A,LZB,7KJS_A_LZB,2,0
606,docking_poses/receptor/CDK2_fastH_pdbqt/3BHU_A_01.pdbqt,CC(C)Nc1cc(Cl)nc2n1ncc2C#N,3BHU_A_01,3BHU,3BHU_A,LZB,3BHU_A_LZB,2,0
607,docking_poses/receptor/CDK2_fastH_pdbqt/4CFW_C_01.pdbqt,CC(C)Nc1cc(Cl)nc2n1ncc2C#N,4CFW_C_01,4CFW,4CFW_C,LZB,4CFW_C_LZB,2,0
608,docking_poses/receptor/CDK2_fastH_pdbqt/1B38_A_01.pdbqt,CC(C)Nc1cc(Cl)nc2n1ncc2C#N,1B38_A_01,1B38,1B38_A,LZB,1B38_A_LZB,1,0
609,docking_poses/receptor/CDK2_fastH_pdbqt/4FKG_A_01.pdbqt,CC(C)Nc1cc(Cl)nc2n1ncc2C#N,4FKG_A_01,4FKG,4FKG_A,LZB,4FKG_A_LZB,1,0
610,docking_poses/receptor/CDK2_fastH_pdbqt/2R3R_A_01.pdbqt,CC(C)Nc1cc(Cl)nc2n1ncc2C#N,2R3R_A_01,2R3R,2R3R_A,LZB,2R3R_A_LZB,1,0
611,docking_poses/receptor/CDK2_fastH_pdbqt/1GIH_A_01.pdbqt,CC(C)Nc1cc(Cl)nc2n1ncc2C#N,1GIH_A_01,1GIH,1GIH_A,LZB,1GIH_A_LZB,1,0
612,docking_poses/receptor/CDK2_fastH_pdbqt/2BHE_A_01.pdbqt,CC(C)Nc1cc(Cl)nc2n1ncc2C#N,2BHE_A_01,2BHE,2BHE_A,LZB,2BHE_A_LZB,1,0
613,docking_poses/receptor/CDK2_fastH_pdbqt/4FKI_A_01.pdbqt,CC(C)Nc1cc(Cl)nc2n1ncc2C#N,4FKI_A_01,4FKI,4FKI_A,LZB,4FKI_A_LZB,1,0
614,docking_poses/receptor/CDK2_fastH_pdbqt/1GIJ_A_01.pdbqt,CC(C)Nc1cc(Cl)nc2n1ncc2C#N,1GIJ_A_01,1GIJ,1GIJ_A,LZB,1GIJ_A_LZB,1,0
615,docking_poses/receptor/CDK2_fastH_pdbqt/2VTR_A_01.pdbqt,CC(C)Nc1cc(Cl)nc2n1ncc2C#N,2VTR_A_01,2VTR,2VTR_A,LZB,2VTR_A_LZB,1,0
